PH,NH,DH,MSH,PNH,RI,MPH,CT,NT,MSL,CL,CTR,NTR,MCT,MCL,Kurt,Skew,Area,APN,RPA,Aos,Aso,RSD,VPo,PW90,PW75,PW66,PW50,PW33,PW25,PW10,K,PTT,MWS,PNL,NI,AI,SI,P2ocd,AC,DC,mNPV,Ams,PDA,SFm,AFm,AFe,VFD,Ha,Hb,Hc,Hd,He,Hba,Hca,Hda,Hea,AGI,,
2.854,1.525,1.212,1.396,0.532,0.422,0.489,0.233,0.384,0.117,0.689,0.34,0.559,0.501,0.17,-1.113,0.203,65.696,28.409,0.433,22.769,42.927,0.532,22.769,14.357,23.303,27.652,34.725,42.116,45.829,53.833,0.477,0.232,0.061,0.151,1.283,0.578,758.6206897,0.455,2.878,0.477,0.857,0.099,0.035,0.854,2.854,-2.833,0.145,0.588,-0.635,0.282,-0.223,0.01,-1.086,0.494,-0.395,0.015,-1.2,,
3.602,2.191,1.888,1.789,0.608,0.524,0.497,0.213,0.339,0.11,0.787,0.271,0.431,0.516,0.14,-0.953,0.303,71.263,35.207,0.494,20.366,50.897,0.4,20.366,13.25,21.656,25.823,32.834,40.828,45.53,68.291,0.453,0.2,0.084,0.126,0.758,0.476,815,0.574,3.634,0.453,0.889,0.14,0.039,1.273,3.602,-3.598,0.178,0.854,-0.997,0.426,-0.229,0.178,-1.168,0.501,-0.269,0.21,-1.61,,
3.22,1.99,1.58,1.613,0.618,0.49,0.501,0.227,0.357,0.119,0.835,0.272,0.428,0.525,0.143,-1.097,0.49,68.383,37.392,0.547,21.658,46.725,0.464,21.658,14.74,24.156,28.874,36.932,46.412,52.136,68.218,0.41,0.202,0.071,0.13,0.747,0.51,841.5841584,0.608,3.278,0.41,0.889,0.117,0.036,0.985,3.22,-3.234,0.168,0.655,-0.789,0.284,-0.178,0.266,-1.205,0.434,-0.271,0.406,-1.773,,
2.38,1.83,1.577,1.164,0.769,0.662,0.489,0.245,0.361,0.122,0.83,0.295,0.436,0.5,0.147,-1.321,0.172,78.786,24.401,0.31,23.934,54.851,0.437,23.934,16.371,27.245,32.992,43.753,57.457,63.614,73.539,0.475,0.175,0.049,0.117,0.772,0.338,977.1428571,0.585,2.405,0.475,0.835,0.081,0.034,0.667,2.38,-2.368,0.026,0.449,-0.468,0.091,-0.08,0.123,-1.045,0.204,-0.179,0.276,-1.346,,
3.507,0.952,1.903,1.903,0.271,0.543,0.543,0.408,0.551,0.317,0.789,0.518,0.699,0.776,0.402,-0.349,1.077,48.438,39.457,0.814,22.947,25.491,0.9,22.947,12.977,21.074,25.003,31.367,37.88,41.013,47.302,0.307,-0.091,0.043,0.143,2.318,0.457,1890.10989,0.38,3.53,0.307,0.92,0.136,0.039,0.429,3.507,-3.513,0.837,0.811,-0.319,0.656,-1.2,0,-0.393,0.81,-1.481,0,0.278,,
3.06,1.559,1.465,1.615,0.509,0.478,0.528,0.383,0.528,0.273,0.842,0.451,0.627,0.694,0.317,-0.969,0.639,60.066,40.378,0.672,23.866,36.2,0.66,23.866,15.574,25.428,30.291,38.364,47.06,51.52,61.496,0.363,-0.019,0.042,0.145,1.735,0.522,931.7894737,0.459,3.076,0.363,0.894,0.103,0.034,0.44,3.06,-3.06,0.171,0.508,-0.294,0.253,-0.534,0.225,-0.57,0.499,-1.06,0.444,-0.453,,
2.381,1.014,0.834,1.234,0.429,0.35,0.518,0.29,0.429,0.191,0.788,0.365,0.546,0.628,0.236,-0.772,0.765,54.937,28.773,0.528,21.088,33.849,0.627,21.088,13.836,22.531,26.788,33.769,41.115,44.783,52.727,0.354,0.106,0.044,0.139,1.284,0.65,1622.641509,0.498,2.425,0.354,0.872,0.09,0.038,0.571,2.381,-2.389,0.201,0.503,-0.502,0.313,-0.325,0.195,-1.008,0.621,-0.634,0.388,-1.384,,
3.04,1.891,1.489,1.511,0.621,0.489,0.497,0.222,0.35,0.115,0.748,0.298,0.469,0.517,0.155,-1.053,0.294,69.088,30.56,0.443,21.418,47.67,0.452,21.418,13.924,22.79,27.205,34.678,43.253,48.118,59.365,0.462,0.208,0.069,0.128,0.899,0.511,817.3076923,0.525,3.092,0.462,0.87,0.114,0.037,1.003,3.04,-3.011,0.116,0.668,-0.775,0.266,-0.118,0.087,-1.184,0.416,-0.189,0.11,-1.522,,
2.655,0.843,0.901,1.283,0.296,0.319,0.484,0.162,0.287,0.081,0.53,0.306,0.542,0.5,0.153,-0.748,0.443,49.131,17.685,0.358,16.394,32.737,0.509,16.394,9.966,16.098,19.026,23.67,28.267,30.408,34.54,0.463,0.194,0.081,0.125,1.185,0.681,902.0618557,0.368,2.803,0.463,0.857,0.13,0.049,1.604,2.655,-2.629,0.905,1.105,-1.239,0.841,-0.687,0,-1.133,0.774,-0.629,0,-1.278,,
2.845,0.936,1.366,1.518,0.328,0.48,0.534,0.378,0.523,0.284,0.834,0.45,0.628,0.731,0.334,-0.311,1.005,55.029,32.83,0.599,23.033,31.996,0.722,23.033,13.315,21.636,25.676,32.233,38.983,42.26,48.969,0.335,-0.036,0.04,0.145,1.751,0.52,894.4444444,0.455,2.89,0.335,0.896,0.109,0.038,0.458,2.845,-2.849,0.445,0.64,-0.394,0.518,-0.794,0.187,-0.604,0.811,-1.252,0.293,-0.455,,
2.905,0.996,1.601,1.601,0.343,0.551,0.551,0.492,0.661,0.382,0.954,0.516,0.692,0.776,0.401,-0.451,0.995,62.976,39.402,0.629,29.191,33.785,0.868,29.191,15.761,25.634,30.447,38.285,46.395,50.343,58.413,0.33,-0.11,0.03,0.168,2.256,0.449,1636.363636,0.462,2.936,0.33,0.899,0.092,0.032,0.242,2.905,-2.894,0.296,0.466,-0.194,0.324,-0.663,0,-0.414,0.724,-1.448,0,0.311,,
2.391,0.629,0.492,1.172,0.263,0.207,0.491,0.246,0.437,0.125,0.737,0.333,0.593,0.508,0.17,-1.049,0.623,61.152,25.377,0.417,23.889,37.262,0.642,23.889,15.356,24.784,29.281,36.406,43.441,46.704,52.948,0.415,0.29,0.049,0.191,1.465,0.793,606.8965517,0.492,2.428,0.415,0.852,0.079,0.033,0.643,2.391,-2.365,0.265,0.445,-0.506,0.318,-0.205,0,-1.162,0.755,-0.49,0,-1.427,,
3.251,1.672,1.966,1.966,0.514,0.605,0.605,0.479,0.635,0.368,0.917,0.522,0.693,0.768,0.401,-0.904,0.669,71.246,42.625,0.598,32.718,38.528,0.85,32.718,16.525,26.971,32.127,40.664,49.791,54.409,64.412,0.389,-0.111,0.034,0.156,2.256,0.395,1531.531532,0.438,3.275,0.389,0.894,0.09,0.028,0.246,3.251,-3.249,0.137,0.427,-0.181,0.23,-0.619,0.034,-0.425,0.54,-1.451,0.079,0.407,,
3.711,2.267,2.113,1.834,0.611,0.569,0.494,0.21,0.337,0.108,1.036,0.204,0.327,0.515,0.105,-0.692,0.511,85.823,40.721,0.477,19.994,65.829,0.305,19.994,13.648,22.377,26.769,34.366,44.322,67.473,84.841,0.416,0.199,0.088,0.127,0.488,0.431,844.2211055,0.826,3.737,0.416,0.9,0.145,0.039,1.347,3.711,-3.634,0.27,0.891,-1.051,0.517,-0.335,0.296,-1.18,0.58,-0.376,0.332,-1.716,,
3.115,1.588,1.298,1.678,0.509,0.415,0.539,0.327,0.472,0.218,0.765,0.419,0.612,0.639,0.275,-1.048,0.49,63.52,37.213,0.588,25.933,37.587,0.699,25.933,15.026,24.495,29.145,36.795,44.872,48.899,57.503,0.421,0.094,0.052,0.145,1.653,0.585,1808.510638,0.438,3.236,0.421,0.885,0.104,0.034,0.598,3.115,-3.125,0.179,0.536,-0.495,0.248,-0.376,0.096,-0.923,0.485,-0.748,0.198,-0.859,,
3.225,0.535,1.742,1.742,0.167,0.54,0.54,0.429,0.42,0.336,0.823,0.521,0.511,0.784,0.409,-0.168,1.163,48.81,17.877,0.367,24.221,24.59,0.985,24.221,13.142,21.305,25.257,31.635,38.122,41.221,47.374,0.296,-0.092,0.038,-0.01,1.4,0.46,1695.652174,0.394,3.248,0.296,0.916,0.124,0.038,0.368,3.225,-3.223,0.865,0.529,-0.336,0.692,-1.092,0.321,-0.773,1.652,-2.53,1.064,-0.96,,
2.994,1.417,1.178,1.464,0.473,0.393,0.489,0.21,0.353,0.105,0.629,0.333,0.561,0.501,0.167,-1.016,0.271,59.128,27.036,0.457,20.415,38.713,0.528,20.415,12.869,20.84,24.679,30.852,37.112,40.114,46.185,0.47,0.22,0.071,0.144,1.28,0.607,786.3636364,0.42,3.025,0.47,0.865,0.115,0.038,1.095,2.994,-2.995,0.28,0.749,-0.819,0.424,-0.343,0,-1.094,0.566,-0.458,0,-1.202,,
2.979,0.302,0.448,1.499,0.1,0.159,0.503,0.285,0.471,0.175,0.766,0.363,0.609,0.582,0.218,-0.796,0.866,51.047,30.433,0.599,23.158,27.889,0.831,23.158,14.486,23.392,27.647,34.399,41.067,44.155,50.037,0.336,0.21,0.057,0.186,1.596,0.841,728.5714286,0.482,3.024,0.336,0.9,0.104,0.035,0.724,2.979,-2.996,0.762,0.552,-0.682,0.515,-0.355,0,-1.234,0.938,-0.651,0,-1.52,,
2.135,0.96,0.832,1.055,0.447,0.388,0.495,0.191,0.317,0.1,0.765,0.25,0.414,0.521,0.13,-0.53,0.747,59.866,20.617,0.345,18.181,41.685,0.441,18.181,11.94,19.408,23.045,28.981,35.198,38.307,45.305,0.391,0.198,0.056,0.126,0.708,0.612,838.3838384,0.574,2.171,0.391,0.847,0.092,0.043,0.931,2.135,-2.112,0.208,0.618,-0.781,0.431,-0.256,0.252,-1.271,0.703,-0.417,0.408,-1.965,,
3.562,1.188,1.187,1.744,0.333,0.333,0.489,0.187,0.328,0.094,0.598,0.312,0.548,0.504,0.157,-0.81,0.504,52.901,27.702,0.523,18.005,34.896,0.516,18.005,11.416,18.444,21.801,27.131,32.412,34.872,39.61,0.442,0.217,0.096,0.141,1.213,0.667,792.6267281,0.412,3.593,0.442,0.89,0.153,0.043,1.635,3.562,-3.564,1.058,1.133,-1.275,0.831,-0.666,0,-1.125,0.732,-0.587,0,-1.27,,
2.83,1.679,1.49,1.49,0.593,0.527,0.527,0.398,0.522,0.296,0.785,0.507,0.665,0.744,0.377,-1.103,0.562,59.22,32.587,0.55,23.401,35.818,0.654,23.401,14.322,23.469,28.042,35.788,44.572,49.413,61.087,0.377,-0.102,0.036,0.124,1.986,0.473,1647.058824,0.387,2.852,0.377,0.883,0.103,0.036,0.348,2.83,-2.83,0.104,0.572,-0.191,0.25,-0.754,0.326,-0.332,0.438,-1.319,0.571,-0.022,,
3.089,0.561,0.368,1.566,0.181,0.119,0.507,0.23,0.407,0.122,0.691,0.332,0.588,0.531,0.176,-1.019,0.738,50.854,30.987,0.611,21.574,29.28,0.737,21.574,14.084,22.75,26.894,33.479,39.993,43.017,48.79,0.368,0.276,0.067,0.177,1.43,0.881,597.826087,0.462,3.106,0.368,0.894,0.11,0.036,0.906,3.089,-3.081,0.675,0.602,-0.815,0.509,-0.259,0,-1.366,0.862,-0.443,0,-1.786,,
3.272,1.541,1.757,1.757,0.471,0.537,0.537,0.455,0.604,0.346,0.898,0.506,0.672,0.762,0.386,-0.756,0.767,63.599,41.886,0.659,26.208,37.39,0.701,26.208,15.187,24.748,29.449,37.211,45.516,49.768,59.682,0.354,-0.108,0.036,0.149,2.052,0.463,1500,0.443,3.286,0.354,0.903,0.109,0.033,0.316,3.272,-3.271,0.228,0.569,-0.225,0.363,-0.778,0.252,-0.396,0.639,-1.369,0.439,-0.104,,
3.228,1.91,1.931,1.931,0.591,0.599,0.599,0.493,0.649,0.372,0.973,0.506,0.667,0.753,0.382,-1.096,0.53,77.587,44.952,0.58,33.356,44.231,0.757,33.356,18.041,29.581,35.352,45.104,55.97,61.718,74.569,0.399,-0.121,0.033,0.156,2.016,0.401,1363.636364,0.48,3.27,0.399,0.891,0.084,0.026,0.229,3.228,-3.239,0.086,0.34,-0.085,0.169,-0.523,0.228,-0.248,0.529,-1.58,0.711,0.091,,
4.567,1.512,2.648,2.648,0.331,0.58,0.58,0.456,0.579,0.355,0.862,0.53,0.671,0.778,0.412,-0.582,0.929,59.546,50.734,0.851,29.147,30.4,0.96,29.147,14.778,24.029,28.539,35.879,43.464,47.149,54.642,0.345,-0.102,0.05,0.122,2.239,0.42,1647.058824,0.406,4.649,0.345,0.931,0.148,0.032,0.418,4.567,-4.602,0.782,0.739,-0.327,0.578,-1.16,0.055,-0.47,0.856,-1.656,0.146,0.185,,
2.52,0.866,0.967,1.287,0.344,0.382,0.511,0.308,0.445,0.215,0.81,0.375,0.55,0.662,0.256,-0.303,1.008,50.753,28.524,0.565,19.739,31.014,0.64,19.739,12.795,20.799,24.688,31.004,37.52,40.691,47.212,0.323,0.046,0.046,0.137,1.305,0.618,1804.347826,0.502,2.54,0.323,0.887,0.103,0.041,0.635,2.52,-2.505,0.362,0.636,-0.538,0.472,-0.575,0.196,-0.831,0.744,-0.923,0.318,-0.97,,
3.613,1.381,1.978,2.164,0.379,0.545,0.599,0.55,0.643,0.436,0.99,0.555,0.654,0.791,0.439,-0.72,0.835,70.313,41.02,0.58,34.64,35.673,0.973,34.64,17.18,28.024,33.349,42.1,51.278,55.793,65.084,0.356,-0.146,0.033,0.093,2.186,0.455,1095.890411,0.44,3.685,0.356,0.912,0.098,0.027,0.227,3.613,-3.639,0.274,0.356,-0.116,0.308,-0.557,0.041,-0.272,1.423,-1.571,0.375,-0.499,,
2.789,1.774,1.273,1.399,0.636,0.456,0.501,0.242,0.371,0.129,0.8,0.303,0.464,0.533,0.161,-1.201,0.473,64.345,32.719,0.509,22.45,41.895,0.536,22.45,15.431,25.324,30.284,38.7,48.144,53.125,63.702,0.402,0.201,0.058,0.129,0.865,0.544,830.8457711,0.558,2.797,0.402,0.874,0.098,0.035,0.757,2.789,-2.788,0.11,0.509,-0.63,0.152,-0.047,0.166,-1.238,0.299,-0.093,0.326,-1.77,,
1.845,1.051,0.845,0.939,0.57,0.458,0.507,0.25,0.395,0.132,0.782,0.329,0.517,0.529,0.176,-1.081,0.251,71.764,21.585,0.305,24.285,47.479,0.524,24.285,15.363,25.077,29.868,37.844,46.608,51.319,64.288,0.462,0.222,0.037,0.145,1.137,0.542,765.7657658,0.532,1.905,0.462,0.805,0.061,0.033,0.462,1.845,-1.905,0.044,0.305,-0.392,0.168,-0.12,0.019,-1.29,0.553,-0.402,0.06,-1.502,,
2.85,0.516,1.643,1.643,0.181,0.577,0.577,0.47,0.295,0.372,0.895,0.525,0.329,0.792,0.416,-0.278,1.103,53.902,0,0,28.295,25.607,1.105,28.295,14.506,23.535,27.911,34.98,42.182,45.63,52.493,0.301,-0.098,0.03,-0.176,0.491,0.423,1897.959184,0.424,2.859,0.301,0.905,0.094,0.033,0.252,2.85,-2.85,0.603,0.212,-0.225,0.505,-0.782,0.469,-1.065,2.388,-3.701,2.218,-1.969,,
2.973,2.015,1.426,1.506,0.677,0.48,0.507,0.277,0.42,0.146,0.92,0.302,0.457,0.529,0.16,-1.265,0.403,78.641,39.2,0.501,26.918,51.723,0.526,26.918,18.079,29.794,35.744,46.004,57.7,63.742,75.537,0.427,0.25,0.054,0.143,0.841,0.52,688,0.642,3.065,0.427,0.878,0.091,0.031,0.623,2.973,-2.986,0.084,0.42,-0.501,0.095,-0.043,0.139,-1.198,0.23,-0.107,0.335,-1.655,,
3.224,1.567,1.779,1.779,0.486,0.552,0.552,0.448,0.599,0.338,0.865,0.517,0.693,0.754,0.39,-0.954,0.713,61.579,43.361,0.704,26.406,35.174,0.751,26.406,15.918,25.977,30.927,39.093,47.757,52.092,61.268,0.356,-0.11,0.036,0.152,2.258,0.448,1572.727273,0.418,3.246,0.356,0.901,0.102,0.032,0.303,3.224,-3.225,0.182,0.487,-0.139,0.24,-0.699,0.229,-0.285,0.495,-1.436,0.47,0.186,,
2.945,1.019,1.496,1.611,0.347,0.506,0.547,0.396,0.544,0.296,0.803,0.492,0.678,0.742,0.367,-0.696,0.885,53.176,35.953,0.677,23.885,29.291,0.818,23.885,14.154,23.016,27.333,34.362,41.623,45.151,52.33,0.333,-0.069,0.038,0.148,2.149,0.494,1463.768116,0.407,2.998,0.333,0.899,0.104,0.035,0.372,2.945,-2.931,0.383,0.536,-0.203,0.386,-0.759,0.059,-0.378,0.721,-1.417,0.12,0.199,,
3.294,1.139,1.859,1.859,0.345,0.564,0.564,0.414,0.559,0.32,0.832,0.497,0.672,0.772,0.384,-0.387,0.972,57.523,36.929,0.645,25.535,31.989,0.796,25.535,13.408,21.791,25.868,32.496,39.339,42.668,49.498,0.345,-0.094,0.04,0.145,2.046,0.436,1765.957447,0.419,3.324,0.345,0.906,0.118,0.036,0.372,3.294,-3.281,0.541,0.679,-0.289,0.583,-1.004,0.127,-0.428,0.862,-1.48,0.183,0.007,,
3.45,1.029,1.947,1.947,0.3,0.564,0.564,0.467,0.36,0.359,1.082,0.432,0.333,0.768,0.332,-0.733,0.782,77.327,11.355,0.149,30.022,47.304,0.639,30.022,16.106,26.593,31.975,41.604,56.168,65.046,78.729,0.357,-0.108,0.037,-0.107,0.565,0.436,1509.259259,0.616,3.484,0.357,0.907,0.111,0.032,0.311,3.45,-3.435,0.185,0.365,-0.286,0.529,-0.769,0.277,-0.873,1.743,-2.386,0.873,-1.104,,
2.916,0.557,1.662,1.662,0.191,0.57,0.57,0.5,0.306,0.388,1.159,0.431,0.264,0.775,0.334,-0.478,0.926,73.97,0,0,30.726,43.244,0.712,30.726,17.125,28.116,33.643,43.088,54.04,60.345,77.466,0.319,-0.112,0.029,-0.194,0.359,0.43,1535.714286,0.659,2.934,0.319,0.902,0.086,0.03,0.223,2.916,-2.908,0.157,0.141,-0.157,0.42,-0.584,0.224,-1.114,2.997,-4.166,1.603,-1.548,,
3.286,1.875,1.547,1.645,0.57,0.47,0.501,0.231,0.355,0.13,0.826,0.276,0.428,0.546,0.154,-0.991,0.573,61.466,36.82,0.599,20.25,41.216,0.492,20.25,13.682,22.383,26.716,34.045,42.506,47.609,66.971,0.374,0.166,0.074,0.125,0.755,0.53,1084.337349,0.595,3.317,0.374,0.899,0.129,0.039,1.086,3.286,-3.287,0.328,0.763,-0.895,0.419,-0.371,0.415,-1.17,0.55,-0.49,0.544,-1.774,,
3.135,1.472,1.724,1.724,0.47,0.55,0.55,0.443,0.598,0.33,0.863,0.512,0.692,0.746,0.382,-0.987,0.703,60.275,42.798,0.71,25.817,34.458,0.75,25.817,16.186,26.39,31.403,39.648,48.327,52.625,61.566,0.349,-0.113,0.035,0.156,2.253,0.45,1451.327434,0.421,3.141,0.349,0.9,0.098,0.031,0.298,3.135,-3.125,0.188,0.451,-0.103,0.219,-0.661,0.186,-0.228,0.485,-1.464,0.412,0.339,,
3.121,2.251,1.827,1.576,0.721,0.586,0.505,0.269,0.399,0.142,0.871,0.309,0.458,0.527,0.163,-1.349,0.329,74.73,37.8,0.506,25.484,49.246,0.518,25.484,17.596,29.086,34.991,45.362,57.398,63.414,74.26,0.429,0.192,0.058,0.13,0.845,0.414,859.375,0.602,3.141,0.429,0.88,0.098,0.031,0.692,3.121,-3.122,0.085,0.466,-0.547,0.093,-0.072,0.169,-1.174,0.2,-0.155,0.362,-1.582,,
2.875,2.202,1.995,1.416,0.766,0.694,0.493,0.243,0.366,0.122,0.891,0.273,0.411,0.5,0.137,-1.328,0.119,86.33,29.988,0.347,23.894,62.436,0.383,23.894,16.204,27.008,32.82,44.813,66.07,72.739,81.945,0.485,0.186,0.059,0.123,0.698,0.306,930.1075269,0.647,2.905,0.485,0.857,0.098,0.034,0.804,2.875,-2.861,0.062,0.546,-0.561,0.171,-0.179,0.206,-1.028,0.315,-0.328,0.379,-1.394,,
1.864,0.521,0.713,1.036,0.281,0.348,0.553,0.308,0.446,0.219,0.738,0.411,0.602,0.682,0.289,-0.483,0.932,53.145,19.72,0.374,23.314,29.831,0.785,23.314,12.603,20.447,24.256,30.423,36.734,39.774,45.889,0.363,0.065,0.032,0.139,1.612,0.652,1646.153846,0.43,1.974,0.363,0.841,0.074,0.04,0.388,1.864,-1.886,0.266,0.444,-0.427,0.397,-0.458,0.043,-1.092,0.9,-0.917,0.112,-1.187,,
2.458,0.594,1.32,1.32,0.233,0.532,0.532,0.454,0.578,0.354,0.873,0.52,0.662,0.777,0.405,-0.382,1.018,58.818,27.621,0.471,28.122,30.696,0.932,28.122,14.346,23.3,27.645,34.686,41.899,45.375,52.372,0.337,-0.101,0.027,0.124,2.164,0.468,1584.158416,0.418,2.649,0.337,0.886,0.088,0.036,0.251,2.458,-2.504,0.355,0.43,-0.162,0.401,-0.702,0.03,-0.437,1.144,-1.899,0.231,0.087,,
2.61,0.611,1.148,1.451,0.23,0.423,0.555,0.393,0.482,0.303,0.769,0.509,0.635,0.745,0.388,-0.354,1.013,52.309,23.369,0.45,25.429,26.88,0.984,25.429,12.837,20.832,24.704,30.963,37.346,40.407,46.526,0.345,-0.054,0.037,0.09,2.818,0.577,1962.962963,0.376,2.707,0.345,0.883,0.1,0.038,0.428,2.61,-2.613,0.524,0.548,-0.405,0.541,-0.716,0.125,-0.757,1.162,-1.469,0.493,-0.944,,
3.048,1.629,1.172,1.503,0.534,0.384,0.493,0.243,0.396,0.123,0.673,0.36,0.588,0.506,0.182,-1.229,0.199,63.982,31.755,0.496,23.658,40.324,0.587,23.658,14.929,24.221,28.723,36.012,43.499,47.132,54.575,0.475,0.233,0.063,0.153,1.426,0.616,656.6523605,0.431,3.084,0.475,0.866,0.102,0.033,0.831,3.048,-3.048,0.11,0.568,-0.624,0.236,-0.159,0,-1.1,0.416,-0.28,0,-1.236,,
3.177,2.614,2.355,1.545,0.822,0.741,0.487,0.267,0.381,0.134,1.038,0.257,0.367,0.503,0.13,-1.3,0.328,92.269,36.04,0.391,26.245,66.024,0.399,26.245,19.13,32.568,40.166,54.523,68.61,74.547,85.404,0.445,0.162,0.06,0.114,0.58,0.259,1067.901235,0.771,3.247,0.445,0.88,0.102,0.032,0.757,3.177,-3.186,0.041,0.506,-0.538,0.059,-0.058,0.08,-1.063,0.117,-0.115,0.158,-1.223,,
3.209,2.369,2.047,1.562,0.736,0.636,0.487,0.208,0.316,0.104,0.753,0.277,0.42,0.498,0.138,-1.149,0.113,74.83,28.933,0.39,20.955,53.874,0.394,20.955,13.713,22.705,27.393,36.305,50.343,57.049,66.838,0.497,0.168,0.077,0.108,0.724,0.364,1000,0.544,3.343,0.497,0.87,0.127,0.04,1.229,3.209,-3.205,0.091,0.835,-0.858,0.245,-0.181,0.235,-1.028,0.29,-0.212,0.28,-1.386,,
3.37,2.495,1.191,1.584,0.737,0.35,0.47,0.291,0.464,0.136,1.042,0.28,0.447,0.468,0.131,-1.369,0.242,97.983,46.03,0.477,29.757,68.226,0.44,29.757,23.656,39.688,47.455,59.475,71.15,76.656,87.69,0.47,0.408,0.058,0.173,0.857,0.65,431.372549,0.751,3.419,0.47,0.879,0.1,0.03,0.736,3.37,-3.341,0.05,0.497,-0.446,0.018,-0.051,0.102,-0.899,0.038,-0.101,0.204,-1.04,,
3.483,1.846,1.628,1.759,0.53,0.468,0.505,0.235,0.383,0.124,0.934,0.252,0.41,0.527,0.133,-0.872,0.559,74.311,42.086,0.567,22.256,52.055,0.428,22.256,14.888,24.274,28.898,36.585,45.042,49.663,77.144,0.398,0.231,0.074,0.148,0.694,0.532,705.6277056,0.699,3.513,0.398,0.898,0.122,0.035,0.987,3.483,-3.475,0.298,0.658,-0.819,0.422,-0.301,0.313,-1.246,0.643,-0.46,0.477,-1.906,,
3.426,0.732,1.665,2.004,0.214,0.482,0.585,0.539,0.444,0.446,1.006,0.536,0.444,0.826,0.443,0.243,1.261,59.9,9.43,0.159,30.102,29.798,1.014,30.102,14.156,23.037,27.375,34.461,41.832,45.442,52.889,0.298,-0.155,0.032,-0.095,0.958,0.518,1083.870968,0.466,3.468,0.298,0.921,0.116,0.034,0.263,3.426,-3.428,0.691,0.236,-0.105,0.644,-0.57,0.474,-0.307,5.569,-3.053,4.994,-7.816,,
2.886,1.524,1.609,1.609,0.528,0.558,0.558,0.488,0.646,0.367,0.931,0.524,0.694,0.753,0.395,-1.013,0.664,68.641,40.624,0.592,29.97,38.671,0.776,29.97,17.335,28.316,33.743,42.752,52.405,57.276,67.626,0.369,-0.121,0.03,0.158,2.266,0.442,1239.669421,0.443,2.91,0.369,0.888,0.084,0.029,0.23,2.886,-2.892,0.098,0.383,-0.127,0.158,-0.525,0.16,-0.328,0.414,-1.375,0.426,0.207,,
1.72,0.326,0.497,0.858,0.188,0.284,0.499,0.309,0.477,0.206,0.726,0.419,0.653,0.622,0.274,-0.784,0.807,53.952,17.124,0.318,23.832,30.12,0.814,23.832,13.583,21.952,25.955,32.321,38.637,41.577,47.225,0.376,0.12,0.031,0.167,3.198,0.716,1400,0.417,1.821,0.376,0.829,0.065,0.038,0.406,1.72,-1.779,0.204,0.376,-0.383,0.312,-0.308,0,-1.05,0.836,-0.8,0,-1.086,,
3.404,1.021,0.766,1.79,0.299,0.229,0.526,0.302,0.485,0.19,0.745,0.405,0.65,0.614,0.254,-1.157,0.619,54.537,41.576,0.763,23.76,30.777,0.774,23.76,15.426,25.048,29.711,37.242,44.879,48.506,55.611,0.366,0.19,0.058,0.182,1.904,0.771,857.8947368,0.443,3.443,0.366,0.904,0.113,0.033,0.649,3.404,-3.405,0.435,0.526,-0.478,0.275,-0.337,0.07,-0.905,0.524,-0.647,0.131,-0.912,,
3.376,0.752,0.975,2.021,0.222,0.286,0.598,0.574,0.412,0.483,1.021,0.562,0.403,0.839,0.472,0.205,1.198,61.515,0,0,30.414,31.102,0.986,30.414,13.969,22.775,27.103,34.237,41.793,45.581,53.75,0.302,-0.264,0.03,-0.162,0.683,0.714,625,0.447,3.407,0.302,0.919,0.115,0.034,0.241,3.376,-3.382,0.564,0.189,-0.167,0.659,-0.406,0.571,-1.328,7.192,-2.651,8.321,-14.19,,
3.325,0.892,0.645,2.051,0.268,0.194,0.617,0.634,0.472,0.542,1.019,0.622,0.463,0.855,0.532,-0.013,1.073,68.221,0,0,36.635,31.586,1.16,36.635,14.179,23.174,27.625,35.029,43.019,47.114,56.246,0.335,-0.356,0.026,-0.162,0.861,0.806,477.5280899,0.386,3.341,0.335,0.909,0.108,0.032,0.199,3.325,-3.316,0.311,0.248,-0.21,0.669,-0.322,0.416,-0.834,2.932,-1.328,1.921,-4.359,,
2.999,1.557,1.026,1.523,0.519,0.342,0.508,0.238,0.379,0.128,0.856,0.277,0.443,0.539,0.149,-0.936,0.7,59.776,38.917,0.651,21.954,37.822,0.581,21.954,15.253,24.914,29.684,37.621,46.23,50.694,60.932,0.349,0.221,0.063,0.142,0.795,0.658,751.1312217,0.618,3.011,0.349,0.896,0.106,0.035,0.831,2.999,-3.005,0.245,0.559,-0.724,0.258,-0.096,0.244,-1.297,0.463,-0.172,0.437,-2.024,,
2.914,0.772,1.03,1.848,0.261,0.342,0.634,0.685,0.452,0.575,1.13,0.606,0.398,0.837,0.508,-0.331,1.019,71.404,0,0,38.628,32.776,1.194,38.628,17.612,28.725,34.193,43.201,52.709,57.432,67.376,0.316,-0.286,0.022,-0.233,0.69,0.658,541.958042,0.445,2.963,0.316,0.903,0.075,0.026,0.133,2.914,-2.904,0.297,0.066,-0.021,0.279,-0.158,0.25,-0.193,5.127,-2.404,4.535,-7.451,,
2.816,1.411,1.199,1.432,0.5,0.427,0.509,0.313,0.465,0.2,0.948,0.326,0.489,0.603,0.205,-0.773,0.732,65.779,38.158,0.58,23.707,42.073,0.567,23.707,15.746,25.698,30.612,38.78,47.68,52.371,64.162,0.352,0.131,0.05,0.152,1.016,0.573,1312.977099,0.635,2.848,0.352,0.89,0.096,0.034,0.598,2.816,-2.834,0.188,0.484,-0.493,0.271,-0.283,0.222,-1.007,0.566,-0.605,0.463,-1.432,,
2.934,1.415,1.238,1.422,0.482,0.422,0.484,0.174,0.293,0.087,0.53,0.328,0.553,0.5,0.164,-0.954,0.217,50.465,21.782,0.432,16.661,33.804,0.493,16.661,10.598,17.168,20.324,25.403,30.556,33.028,38.048,0.476,0.184,0.085,0.119,1.237,0.578,934.7826087,0.356,2.953,0.476,0.861,0.136,0.046,1.569,2.934,-2.928,0.446,1.093,-1.163,0.63,-0.548,0,-1.064,0.576,-0.501,0,-1.139,,
3.248,2.29,1.987,1.558,0.705,0.611,0.48,0.206,0.317,0.102,0.756,0.273,0.419,0.494,0.135,-1.201,0.237,70.779,30.302,0.428,20.198,50.582,0.401,20.198,13.606,22.466,27.024,35.181,47.878,55.474,67.367,0.468,0.173,0.079,0.111,0.726,0.389,982.6589595,0.55,3.302,0.468,0.876,0.131,0.04,1.295,3.248,-3.242,0.167,0.867,-0.911,0.304,-0.253,0.316,-1.052,0.342,-0.278,0.351,-1.467,,
3.019,1.875,1.64,1.636,0.621,0.543,0.542,0.399,0.547,0.276,0.953,0.417,0.573,0.67,0.287,-1.154,0.493,74.013,41.136,0.556,28.279,45.734,0.624,28.279,17.551,28.838,34.528,44.279,55.527,61.693,75.467,0.391,-0.008,0.04,0.147,1.435,0.457,1950,0.554,3.065,0.391,0.887,0.089,0.029,0.388,3.019,-3.017,0.106,0.38,-0.225,0.164,-0.374,0.202,-0.528,0.462,-1.09,0.57,-0.469,,
3.146,2.161,1.783,1.567,0.687,0.567,0.498,0.264,0.405,0.136,0.936,0.282,0.432,0.513,0.145,-1.208,0.335,82.543,38.597,0.468,25.464,57.079,0.446,25.464,17.194,28.325,34,44.004,56.809,64.947,80.312,0.441,0.217,0.06,0.14,0.761,0.433,783.4101382,0.673,3.168,0.441,0.878,0.099,0.032,0.732,3.146,-3.145,0.066,0.489,-0.554,0.162,-0.104,0.156,-1.134,0.332,-0.213,0.32,-1.573,,
3.015,1.66,1.379,1.528,0.55,0.456,0.507,0.382,0.532,0.263,0.907,0.414,0.588,0.654,0.276,-0.934,0.58,66.194,42.249,0.639,25.262,40.933,0.618,25.262,16.638,27.214,32.474,41.311,51.148,56.445,69.062,0.381,0.037,0.044,0.15,1.476,0.544,1324.324324,0.525,3.041,0.381,0.889,0.098,0.033,0.479,3.015,-3.025,0.14,0.486,-0.371,0.211,-0.388,0.245,-0.757,0.433,-0.806,0.504,-0.887,,
3.354,1.748,1.208,1.659,0.521,0.36,0.495,0.247,0.404,0.126,0.675,0.366,0.598,0.509,0.186,-1.265,0.22,63.121,35.727,0.566,23.881,39.24,0.609,23.881,15.183,24.625,29.198,36.596,44.172,47.831,55.243,0.468,0.237,0.068,0.157,1.49,0.64,658.2278481,0.428,3.373,0.468,0.878,0.11,0.033,0.877,3.354,-3.351,0.132,0.592,-0.669,0.242,-0.14,0,-1.131,0.411,-0.236,0,-1.305,,
3.055,1.463,0.472,1.579,0.479,0.155,0.517,0.247,0.397,0.136,0.744,0.332,0.534,0.552,0.183,-1.133,0.55,59.078,36.191,0.613,22.581,36.498,0.62,22.581,14.942,24.335,28.926,36.428,44.209,47.99,55.614,0.397,0.327,0.062,0.151,1.155,0.845,495.412844,0.497,3.076,0.397,0.886,0.105,0.034,0.779,3.055,-3.065,0.209,0.525,-0.713,0.217,0.012,0.055,-1.377,0.434,0.01,0.095,-1.915,,
3.597,1.835,1.714,1.777,0.504,0.473,0.493,0.254,0.39,0.154,0.839,0.302,0.47,0.569,0.178,-0.645,0.49,72.611,38.227,0.534,22.075,50.536,0.457,22.075,13.241,21.554,25.639,32.395,39.772,43.945,65.035,0.44,0.15,0.079,0.136,0.945,0.527,1133.333333,0.585,3.76,0.44,0.895,0.143,0.04,1.161,3.597,-3.519,0.432,0.882,-0.977,0.551,-0.469,0.274,-1.112,0.642,-0.56,0.331,-1.524,,
3.739,1.682,1.233,1.899,0.449,0.329,0.508,0.23,0.378,0.122,0.882,0.261,0.429,0.53,0.138,-0.61,0.818,65.336,45.124,0.69,21.871,43.465,0.504,21.871,14.546,23.665,28.119,35.407,43.062,46.886,55.242,0.371,0.236,0.081,0.149,0.752,0.671,656.779661,0.652,3.794,0.371,0.911,0.135,0.036,1.113,3.739,-3.752,0.386,0.74,-0.959,0.456,-0.187,0.235,-1.298,0.62,-0.255,0.32,-1.983,,
3.61,1.842,1.568,1.79,0.51,0.434,0.496,0.198,0.324,0.103,0.774,0.256,0.418,0.518,0.132,-0.69,0.598,63.876,35.357,0.554,18.87,45.006,0.42,18.87,12.401,20.189,24.001,30.272,36.967,40.423,50.412,0.413,0.2,0.091,0.126,0.719,0.566,830,0.576,3.655,0.413,0.898,0.15,0.042,1.468,3.61,-3.631,0.393,0.971,-1.194,0.602,-0.332,0.313,-1.232,0.622,-0.342,0.32,-1.832,,
3.412,1.704,1.565,1.689,0.499,0.458,0.495,0.218,0.362,0.113,0.909,0.24,0.398,0.517,0.124,-0.715,0.625,72.378,38.599,0.534,20.77,51.608,0.403,20.77,13.921,22.648,26.925,33.975,41.56,45.545,66.533,0.398,0.224,0.078,0.144,0.662,0.542,772.3214286,0.691,3.44,0.398,0.896,0.128,0.038,1.138,3.412,-3.398,0.404,0.764,-0.915,0.505,-0.371,0.391,-1.197,0.659,-0.486,0.513,-1.883,,
3.418,1.898,1.486,1.719,0.555,0.434,0.503,0.228,0.366,0.12,0.746,0.305,0.491,0.524,0.16,-0.935,0.292,68.394,33.913,0.497,21.513,46.881,0.462,21.513,13.745,22.387,26.627,33.615,41.107,44.975,54.198,0.458,0.241,0.076,0.138,0.976,0.566,684.6473029,0.519,3.438,0.458,0.882,0.124,0.036,1.058,3.418,-3.409,0.229,0.706,-0.861,0.371,-0.188,0.017,-1.252,0.569,-0.306,0.019,-1.535,,
2.778,1.22,1.205,1.345,0.432,0.431,0.483,0.199,0.341,0.099,0.653,0.306,0.525,0.499,0.153,-0.738,0.172,64.433,22.666,0.357,19.935,44.498,0.453,19.935,12.029,19.471,23.054,28.805,34.648,37.473,44.597,0.494,0.222,0.07,0.142,1.12,0.569,765.7657658,0.454,2.905,0.494,0.853,0.112,0.041,1.135,2.778,-2.784,0.498,0.784,-0.859,0.524,-0.444,0.006,-1.105,0.686,-0.59,0.007,-1.207,,
3.475,1.501,1.476,1.658,0.43,0.424,0.476,0.212,0.335,0.125,0.764,0.277,0.438,0.551,0.16,-0.434,0.694,61.327,31.523,0.516,18.188,43.14,0.426,18.188,11.241,18.241,21.642,27.173,32.927,35.784,42.127,0.404,0.145,0.089,0.122,0.834,0.576,1124.137931,0.551,3.576,0.404,0.898,0.163,0.047,1.584,3.475,-3.482,0.805,1.201,-1.291,0.861,-0.739,0.589,-1.086,0.717,-0.605,0.488,-1.686,,
2.887,1.737,1.447,1.407,0.596,0.497,0.487,0.226,0.364,0.113,0.706,0.328,0.529,0.499,0.164,-1.08,0.095,69.595,29.925,0.427,23,46.594,0.501,23,14.314,23.384,27.895,35.716,44.585,48.801,58.53,0.499,0.208,0.064,0.138,1.17,0.503,879.8076923,0.48,3.04,0.499,0.857,0.104,0.036,0.936,2.887,-2.883,0.149,0.638,-0.676,0.28,-0.258,0.063,-1.085,0.468,-0.435,0.105,-1.224,,
4.224,1.633,2.312,2.312,0.386,0.548,0.548,0.404,0.538,0.312,0.784,0.515,0.686,0.774,0.398,-0.491,0.949,53.837,46.758,0.869,24.074,29.763,0.81,24.074,12.937,21.055,25.012,31.463,38.165,41.453,48.291,0.343,-0.091,0.052,0.135,2.189,0.452,1868.131868,0.38,4.269,0.343,0.925,0.162,0.038,0.518,4.224,-4.203,0.77,0.994,-0.442,0.707,-1.391,0,-0.444,0.712,-1.4,0,0.244,,
3.315,2.271,1.75,1.662,0.685,0.528,0.501,0.255,0.386,0.134,0.846,0.302,0.456,0.523,0.158,-1.264,0.388,71.685,39.315,0.548,24.213,47.472,0.51,24.213,16.595,27.314,32.751,42.133,52.952,58.663,69.927,0.423,0.2,0.065,0.13,0.838,0.472,780,0.591,3.328,0.423,0.887,0.109,0.033,0.818,3.315,-3.314,0.1,0.548,-0.643,0.133,-0.059,0.172,-1.174,0.241,-0.108,0.314,-1.622,,
3.158,1.562,1.764,1.764,0.494,0.559,0.559,0.434,0.58,0.325,0.825,0.526,0.704,0.748,0.393,-1.029,0.673,60.11,40.687,0.677,26.643,33.467,0.796,26.643,15.675,25.575,30.446,38.472,46.933,51.117,59.75,0.364,-0.109,0.036,0.147,2.375,0.441,1431.192661,0.391,3.18,0.364,0.897,0.1,0.032,0.308,3.158,-3.153,0.18,0.478,-0.126,0.208,-0.698,0.209,-0.264,0.435,-1.461,0.435,0.327,,
3.055,1.428,1.643,1.643,0.466,0.538,0.538,0.4,0.534,0.301,0.798,0.501,0.67,0.753,0.377,-0.804,0.751,56.487,35.415,0.627,23.329,33.158,0.708,23.329,13.774,22.456,26.722,33.763,41.282,45.122,53.972,0.354,-0.099,0.038,0.135,2.03,0.462,1767.676768,0.398,3.079,0.354,0.897,0.112,0.037,0.373,3.055,-3.056,0.244,0.624,-0.209,0.398,-0.883,0.21,-0.335,0.638,-1.416,0.336,0.107,,
3.121,1.403,1.728,1.728,0.45,0.554,0.554,0.436,0.587,0.328,0.843,0.517,0.696,0.753,0.39,-0.91,0.751,58.917,40.915,0.694,25.889,33.028,0.785,25.889,15.475,25.221,30.003,37.853,46.095,50.171,58.653,0.35,-0.108,0.036,0.151,2.295,0.446,1481.481481,0.407,3.148,0.35,0.9,0.101,0.032,0.309,3.121,-3.123,0.221,0.488,-0.129,0.26,-0.72,0.187,-0.264,0.536,-1.477,0.382,0.296,,
3.011,1.717,1.132,1.528,0.57,0.376,0.508,0.241,0.375,0.132,0.805,0.3,0.466,0.546,0.164,-1.107,0.58,59.778,37.129,0.621,22.042,37.736,0.584,22.042,15.144,24.772,29.555,37.565,46.34,50.905,60.992,0.371,0.21,0.062,0.134,0.872,0.624,809.5238095,0.564,3.028,0.371,0.891,0.106,0.035,0.808,3.011,-3.014,0.202,0.547,-0.724,0.211,-0.06,0.211,-1.323,0.386,-0.11,0.385,-1.985,,
2.354,1.511,0.605,0.605,0.644,0.259,0.259,0.629,0.451,0.281,1.246,0.505,0.362,0.447,0.226,-1.484,-0.01,126.36,0,0,49.691,76.669,0.649,49.691,47.625,64.137,70.726,81.41,93.108,99.311,113.144,0.507,-0.348,0.019,-0.178,0.568,0.741,479.8850575,0.618,2.354,0.507,0.822,0.038,0.016,0.135,2.354,-2.269,0.078,0.205,-0.074,0.107,-0.123,0.063,-0.363,0.519,-0.601,0.307,-0.588,,
2.572,1.404,0.915,1.274,0.529,0.339,0.495,0.241,0.389,0.124,0.724,0.337,0.547,0.517,0.174,-1.163,0.247,68.349,29.561,0.433,24.451,43.898,0.568,24.451,15.142,24.673,29.358,37.101,45.512,50.042,59.3,0.476,0.243,0.053,0.149,1.249,0.661,637.8600823,0.484,2.752,0.476,0.85,0.088,0.034,0.704,2.572,-2.649,0.088,0.472,-0.553,0.181,-0.084,0.057,-1.179,0.395,-0.194,0.117,-1.498,,
2.497,2.05,1.453,1.267,0.82,0.58,0.507,0.328,0.434,0.205,1.068,0.305,0.407,0.602,0.189,-1.263,0.494,81.544,29.166,0.358,25.375,56.17,0.453,25.375,18.698,32.141,40.167,55.516,68.639,73.811,82.995,0.385,0.086,0.041,0.107,0.705,0.42,1000,0.74,2.516,0.385,0.867,0.083,0.033,0.472,2.497,-2.504,0.063,0.416,-0.334,0.073,-0.25,0.15,-0.808,0.178,-0.596,0.361,-0.751,,
2.812,1.085,1.616,1.616,0.386,0.575,0.575,0.489,0.662,0.374,0.919,0.533,0.72,0.765,0.407,-0.838,0.812,63.044,39.634,0.629,29.639,33.405,0.888,29.639,16.791,27.333,32.48,40.877,49.573,53.801,62.38,0.343,-0.115,0.029,0.172,2.571,0.425,1339.130435,0.43,2.823,0.343,0.892,0.081,0.029,0.216,2.812,-2.807,0.202,0.355,-0.102,0.216,-0.548,0.015,-0.287,0.609,-1.545,0.042,0.607,,
2.975,1.714,1.524,1.547,0.576,0.512,0.52,0.37,0.459,0.263,1.006,0.365,0.46,0.689,0.257,-0.83,0.748,66.042,34.683,0.528,23.042,43,0.537,23.042,15.654,25.858,31.097,40.433,52.846,61.135,75.471,0.332,-0.005,0.043,0.089,0.912,0.488,1300,0.636,2.986,0.332,0.9,0.106,0.036,0.474,2.975,-2.978,0.147,0.508,-0.349,0.273,-0.54,0.205,-0.776,1.018,-1.643,0.583,-0.734,,
2.896,1.849,1.515,1.515,0.638,0.523,0.523,0.466,0.599,0.352,1.119,0.416,0.535,0.757,0.315,-0.784,0.771,75.535,39.872,0.528,25.827,49.708,0.52,25.827,16.502,27.262,32.804,42.797,57.365,68.377,83.712,0.337,-0.113,0.031,0.133,1.15,0.477,1530.973451,0.654,2.908,0.337,0.896,0.097,0.034,0.276,2.896,-2.893,0.103,0.503,-0.176,0.227,-0.633,0.188,-0.35,0.452,-1.258,0.375,0.081,,
3.165,2.011,1.511,1.585,0.636,0.477,0.501,0.272,0.419,0.143,0.941,0.289,0.446,0.524,0.152,-1.183,0.503,74.196,42.92,0.579,25.687,48.509,0.53,25.687,17.692,29.053,34.772,44.555,55.808,61.948,75.104,0.394,0.224,0.058,0.147,0.805,0.523,785.7142857,0.668,3.174,0.394,0.889,0.098,0.031,0.687,3.165,-3.162,0.126,0.461,-0.553,0.143,-0.07,0.183,-1.201,0.31,-0.152,0.398,-1.756,,
3,1.256,0.861,1.517,0.419,0.287,0.506,0.244,0.41,0.128,0.69,0.355,0.597,0.526,0.187,-1.158,0.412,61.451,31.58,0.514,23.341,38.11,0.619,23.341,14.744,23.879,28.284,35.361,42.522,45.938,52.785,0.447,0.251,0.062,0.167,1.529,0.713,653.3864542,0.447,3.046,0.447,0.872,0.101,0.034,0.801,3,-2.906,0.213,0.542,-0.67,0.312,-0.162,0.03,-1.261,0.598,-0.308,0.042,-1.593,,
2.752,1.3,1.032,1.347,0.462,0.367,0.491,0.221,0.369,0.112,0.652,0.339,0.567,0.507,0.172,-1.007,0.241,63.765,26.261,0.412,22.553,41.211,0.548,22.553,13.509,21.891,25.944,32.474,39.133,42.343,48.891,0.49,0.229,0.063,0.148,1.314,0.633,742.3580786,0.431,2.932,0.49,0.856,0.102,0.037,0.925,2.752,-2.804,0.218,0.632,-0.708,0.351,-0.279,0,-1.143,0.578,-0.465,0,-1.256,,
2.915,1.927,1.639,1.437,0.668,0.571,0.493,0.311,0.462,0.169,0.9,0.346,0.517,0.53,0.188,-1.205,0.179,87.936,36.093,0.434,29.5,58.437,0.529,29.5,18.902,31.048,37.173,47.193,58.892,65.29,79.687,0.487,0.169,0.048,0.151,1.13,0.429,964.4970414,0.589,3.041,0.487,0.861,0.087,0.03,0.565,2.915,-2.851,0.087,0.423,-0.411,0.153,-0.197,0.166,-0.986,0.374,-0.464,0.397,-1.294,,
3.068,2.051,1.529,1.56,0.668,0.498,0.508,0.29,0.437,0.156,0.925,0.314,0.473,0.538,0.169,-1.295,0.424,74.826,42.189,0.564,26.914,47.911,0.562,26.914,18.64,30.651,36.713,47.049,58.548,64.366,75.717,0.405,0.22,0.053,0.147,0.897,0.502,736.3636364,0.634,3.075,0.405,0.884,0.09,0.029,0.578,3.068,-3.063,0.104,0.392,-0.483,0.083,-0.033,0.148,-1.231,0.211,-0.084,0.377,-1.735,,
3.059,1.996,1.502,1.535,0.652,0.491,0.502,0.276,0.423,0.146,0.928,0.298,0.456,0.527,0.157,-1.205,0.437,77.033,40.387,0.524,25.984,51.049,0.509,25.984,17.745,29.155,34.903,44.739,56.008,62.099,75.065,0.415,0.228,0.055,0.147,0.839,0.509,710.5263158,0.652,3.073,0.415,0.881,0.094,0.031,0.644,3.059,-3.059,0.083,0.435,-0.518,0.127,-0.051,0.137,-1.197,0.295,-0.122,0.32,-1.691,,
3.052,0.901,1.071,1.612,0.29,0.338,0.526,0.321,0.469,0.223,0.8,0.394,0.589,0.659,0.268,-0.495,0.866,56.233,35.267,0.653,22.978,33.255,0.74,22.978,13.517,21.947,26.036,32.656,39.435,42.704,49.314,0.359,0.071,0.053,0.149,1.491,0.662,1619.71831,0.48,3.207,0.359,0.898,0.115,0.038,0.661,3.052,-3.078,0.579,0.662,-0.6,0.52,-0.593,0.085,-0.914,0.801,-0.896,0.138,-0.957,,
3.249,1.818,1.281,1.63,0.557,0.402,0.505,0.23,0.37,0.123,0.807,0.287,0.459,0.532,0.153,-0.999,0.476,68.187,37.694,0.556,22.345,45.841,0.494,22.345,14.43,23.643,28.252,36.099,45.328,49.977,61.399,0.425,0.229,0.071,0.139,0.859,0.598,742.3580786,0.576,3.371,0.425,0.886,0.12,0.037,1.01,3.249,-3.207,0.229,0.679,-0.835,0.311,-0.179,0.266,-1.281,0.512,-0.304,0.429,-1.918,,
3.291,1.622,1.447,1.594,0.493,0.44,0.484,0.218,0.367,0.108,0.666,0.326,0.551,0.496,0.162,-0.946,0.17,64.41,30.022,0.466,21.207,43.202,0.491,21.207,13.286,21.517,25.482,31.86,38.35,41.475,47.875,0.483,0.229,0.076,0.15,1.227,0.56,720.5240175,0.449,3.317,0.483,0.873,0.122,0.037,1.13,3.291,-3.286,0.358,0.786,-0.825,0.445,-0.4,0,-1.051,0.568,-0.511,0,-1.108,,
3.776,1.515,1.797,2.307,0.394,0.461,0.619,0.554,0.523,0.444,1.011,0.545,0.525,0.793,0.435,-0.675,0.788,74.187,26.028,0.367,36.88,37.307,1.02,36.88,16.872,27.569,32.855,41.629,51.041,55.821,66.502,0.367,-0.207,0.036,-0.031,1.324,0.539,772.9468599,0.457,3.921,0.367,0.913,0.104,0.027,0.262,3.776,-3.7,0.34,0.289,-0.068,0.353,-0.511,0.209,-0.307,2.556,-2.081,1.675,-2.457,,
2.881,1.495,1.022,1.433,0.512,0.353,0.497,0.239,0.393,0.124,0.796,0.311,0.514,0.52,0.162,-1.037,0.353,72.395,34.465,0.494,23.974,48.421,0.531,23.974,15.26,24.905,29.669,37.632,46.653,51.552,62.41,0.458,0.243,0.06,0.154,1.146,0.647,641.9753086,0.557,3.076,0.458,0.867,0.1,0.035,0.803,2.881,-2.944,0.146,0.538,-0.645,0.238,-0.123,0.064,-1.204,0.454,-0.246,0.121,-1.533,,
2.79,1.288,0.889,1.42,0.453,0.312,0.51,0.24,0.382,0.135,0.733,0.333,0.534,0.555,0.188,-0.974,0.515,63.117,30.329,0.487,22.362,40.755,0.579,22.362,13.812,22.457,26.679,33.59,40.88,44.571,53.063,0.432,0.207,0.06,0.143,1.217,0.688,830.9178744,0.494,2.966,0.432,0.871,0.102,0.037,0.814,2.79,-2.808,0.219,0.573,-0.68,0.334,-0.211,0.083,-1.208,0.611,-0.399,0.156,-1.576,,
3.13,0.344,0.404,1.625,0.109,0.13,0.519,0.284,0.471,0.173,0.75,0.371,0.624,0.586,0.222,-0.941,0.798,49.691,32.528,0.656,23.063,26.628,0.866,23.063,14.767,23.843,28.184,35.081,41.898,45.06,51.089,0.334,0.222,0.059,0.188,1.688,0.87,788.2882883,0.467,3.153,0.334,0.904,0.105,0.034,0.702,3.13,-3.134,0.794,0.523,-0.691,0.513,-0.308,0,-1.322,0.987,-0.596,0,-1.713,,
2.979,1.985,1.53,1.498,0.666,0.513,0.503,0.269,0.411,0.141,0.932,0.289,0.441,0.523,0.151,-1.217,0.439,77.972,38.831,0.499,26.04,51.932,0.503,26.04,17.608,28.983,34.747,44.721,56.478,63.01,76.405,0.418,0.219,0.055,0.142,0.788,0.487,767.1232877,0.663,3.043,0.418,0.879,0.093,0.031,0.666,2.979,-2.988,0.093,0.447,-0.525,0.131,-0.075,0.168,-1.182,0.299,-0.173,0.382,-1.69,,
3.133,2.224,1.909,1.545,0.71,0.609,0.493,0.225,0.34,0.115,0.783,0.287,0.434,0.513,0.147,-1.276,0.221,70.994,31.055,0.438,21.411,49.583,0.432,21.411,14.378,23.734,28.548,37.241,49.827,58.716,70.974,0.453,0.178,0.07,0.115,0.767,0.391,915.7303371,0.558,3.142,0.453,0.874,0.117,0.037,1.012,3.133,-3.127,0.077,0.674,-0.773,0.247,-0.192,0.211,-1.148,0.366,-0.285,0.313,-1.543,,
2.072,0.459,0.471,1.23,0.221,0.227,0.594,0.644,0.446,0.529,1.13,0.57,0.393,0.82,0.467,-0.43,0.983,68.756,0,0,33.047,35.71,0.926,33.047,17.707,28.987,34.593,43.958,54.087,59.239,70.304,0.307,-0.329,0.016,-0.198,0.655,0.773,510.6382979,0.486,2.082,0.307,0.872,0.058,0.028,0.112,2.072,-2.073,0.089,0.07,-0.043,0.264,-0.171,0.121,-0.612,3.779,-2.429,1.733,-3.696,,
3.19,0.43,1.435,1.762,0.133,0.441,0.551,0.533,0.351,0.432,0.939,0.57,0.373,0.805,0.46,-0.031,1.193,54.686,0,0,29.591,25.095,1.183,29.591,14.539,23.566,27.928,34.952,42.069,45.457,52.153,0.295,-0.168,0.031,-0.182,0.627,0.559,1029.761905,0.406,3.256,0.295,0.917,0.109,0.034,0.262,3.19,-3.192,0.842,0.279,-0.281,0.599,-0.77,0.588,-1.008,2.148,-2.774,2.114,-2.496,,
3.049,1.807,1.332,1.596,0.594,0.437,0.523,0.247,0.384,0.137,0.748,0.33,0.514,0.554,0.183,-1.161,0.313,66.582,33.451,0.503,22.888,43.694,0.526,22.888,14.731,24.066,28.69,36.408,44.859,49.285,59.402,0.445,0.22,0.062,0.137,1.061,0.563,786.3636364,0.501,3.094,0.445,0.874,0.104,0.034,0.766,3.049,-3.058,0.098,0.51,-0.693,0.231,-0.076,0.016,-1.371,0.463,-0.155,0.028,-1.707,,
3.017,1.88,1.385,1.5,0.623,0.459,0.497,0.225,0.348,0.117,0.773,0.291,0.45,0.521,0.152,-1.136,0.498,62.436,33.175,0.532,21.255,41.181,0.517,21.255,14.467,23.717,28.348,36.206,45.079,49.855,60.638,0.404,0.192,0.067,0.123,0.818,0.541,864.5833333,0.548,3.034,0.404,0.882,0.113,0.037,0.964,3.017,-3.015,0.147,0.64,-0.774,0.218,-0.086,0.212,-1.213,0.344,-0.134,0.33,-1.753,,
3.509,1.035,0.543,2.229,0.295,0.155,0.635,0.666,0.491,0.566,1.071,0.622,0.459,0.851,0.529,-0.042,1.139,64.589,0,0,36.576,28.012,1.306,36.576,15.607,25.446,30.278,38.236,46.626,50.796,59.603,0.302,-0.379,0.026,-0.174,0.848,0.845,440.6332454,0.405,3.523,0.302,0.921,0.1,0.028,0.176,3.509,-3.506,0.577,0.109,-0.071,0.496,-0.153,0.412,-0.649,4.628,-1.415,3.873,-7.736,,
3.2,1.882,1.532,1.56,0.588,0.478,0.487,0.22,0.356,0.109,0.63,0.35,0.565,0.494,0.173,-1.147,0.049,62.841,29.362,0.467,21.696,41.145,0.528,21.696,13.589,22.081,26.221,32.99,40.124,43.724,51.842,0.498,0.205,0.073,0.136,1.301,0.522,751.2195122,0.41,3.236,0.498,0.866,0.118,0.037,1.082,3.2,-3.194,0.155,0.752,-0.768,0.309,-0.29,0,-1.022,0.411,-0.386,0,-1.047,,
2.135,1.513,1.157,1.054,0.712,0.554,0.494,0.261,0.394,0.133,0.893,0.292,0.441,0.51,0.149,-1.303,0.35,78.682,26.094,0.334,25.441,53.242,0.481,25.441,17.516,28.977,34.912,45.577,58.413,64.734,75.819,0.44,0.218,0.041,0.133,0.791,0.446,779.8165138,0.632,2.172,0.44,0.83,0.068,0.032,0.514,2.135,-2.116,0.044,0.345,-0.378,0.079,-0.059,0.127,-1.102,0.231,-0.177,0.375,-1.53,,
3.337,1.431,1.625,1.739,0.429,0.487,0.521,0.432,0.586,0.322,0.881,0.489,0.666,0.734,0.362,-0.76,0.818,58.402,44.931,0.77,24.519,33.884,0.724,24.519,15.48,25.215,29.981,37.799,46.009,50.081,58.691,0.335,-0.071,0.04,0.153,2.045,0.513,1436.619718,0.448,3.364,0.335,0.909,0.113,0.034,0.386,3.337,-3.327,0.285,0.566,-0.25,0.32,-0.708,0.2,-0.44,0.566,-1.252,0.354,-0.106,,
3.114,2.445,1.664,1.582,0.783,0.536,0.508,0.353,0.466,0.227,1.016,0.345,0.458,0.62,0.22,-1.203,0.515,77.688,38.53,0.497,26.532,51.156,0.521,26.532,18.966,31.882,38.76,50.902,63.593,69.188,79.28,0.386,0.062,0.047,0.113,0.874,0.464,1580.645161,0.663,3.173,0.386,0.892,0.1,0.032,0.512,3.114,-3.14,0.089,0.483,-0.369,0.04,-0.285,0.131,-0.779,0.087,-0.577,0.271,-0.56,,
3.134,1.614,1.606,1.647,0.515,0.513,0.525,0.462,0.621,0.341,0.951,0.484,0.654,0.725,0.355,-0.893,0.69,68.581,44.348,0.647,28.081,40.5,0.697,28.081,16.948,27.685,32.988,41.801,51.321,56.22,67.326,0.364,-0.077,0.035,0.159,1.936,0.487,1233.766234,0.489,3.15,0.364,0.896,0.097,0.031,0.318,3.134,-3.117,0.139,0.467,-0.205,0.22,-0.562,0.208,-0.432,0.484,-1.221,0.461,-0.155,,
2.981,1.959,1.673,1.596,0.653,0.56,0.536,0.439,0.601,0.304,1.088,0.404,0.553,0.688,0.279,-1.143,0.575,79.58,45.361,0.572,29.423,50.157,0.589,29.423,20.215,33.555,40.444,52.333,65.059,71.099,82.566,0.367,-0.054,0.034,0.161,1.312,0.44,1092.592593,0.649,3.007,0.367,0.891,0.083,0.028,0.282,2.981,-2.997,0.08,0.326,-0.076,0.059,-0.384,0.09,-0.221,0.18,-1.192,0.277,0.514,,
3.065,1.867,1.432,1.526,0.609,0.467,0.498,0.25,0.39,0.13,0.895,0.279,0.437,0.523,0.146,-1.115,0.534,69.806,39.342,0.563,23.574,46.232,0.51,23.574,16.197,26.554,31.747,40.603,50.86,56.715,71.034,0.39,0.215,0.061,0.141,0.775,0.533,818.6046512,0.645,3.083,0.39,0.888,0.103,0.034,0.787,3.065,-3.064,0.149,0.522,-0.636,0.204,-0.117,0.225,-1.218,0.391,-0.223,0.431,-1.817,,
3.103,1.634,1.035,1.656,0.527,0.333,0.533,0.271,0.415,0.159,0.748,0.363,0.555,0.584,0.212,-1.18,0.443,61.731,35.843,0.581,23.972,37.759,0.635,23.972,15.114,24.646,29.329,37.039,45.195,49.263,57.81,0.413,0.231,0.057,0.144,1.262,0.667,731.6017316,0.476,3.137,0.413,0.884,0.1,0.032,0.639,3.103,-3.108,0.168,0.442,-0.689,0.24,-0.062,0.072,-1.576,0.562,-0.152,0.151,-2.137,,
2.678,1.34,1.037,1.394,0.498,0.387,0.52,0.343,0.498,0.228,0.911,0.375,0.551,0.636,0.245,-0.839,0.693,68.046,36.334,0.544,25.018,43.028,0.605,25.018,16.113,26.284,31.295,39.593,48.483,53.003,62.927,0.38,0.141,0.042,0.155,1.311,0.613,1099.29078,0.569,2.746,0.38,0.877,0.087,0.032,0.459,2.678,-2.605,0.15,0.41,-0.363,0.204,-0.279,0.122,-0.907,0.517,-0.687,0.317,-1.054,,
2.94,1.556,1.035,1.449,0.529,0.351,0.493,0.266,0.441,0.134,0.733,0.363,0.601,0.502,0.182,-1.292,0.191,69.93,34.454,0.493,26.2,43.729,0.6,26.2,16.773,27.214,32.28,40.485,48.902,52.97,61.187,0.477,0.266,0.055,0.175,1.515,0.649,624.0601504,0.467,2.981,0.477,0.862,0.09,0.031,0.677,2.94,-2.92,0.075,0.461,-0.489,0.154,-0.086,0,-1.074,0.334,-0.185,0,-1.223,,
3.231,0.927,1.881,1.881,0.284,0.582,0.582,0.54,0.374,0.409,1.181,0.457,0.317,0.757,0.346,-0.909,0.729,83.232,7.359,0.084,34.852,48.38,0.723,34.852,20.156,33.27,39.954,51.499,64.626,71.398,84.979,0.352,-0.131,0.03,-0.166,0.51,0.418,1259.541985,0.641,3.281,0.352,0.903,0.083,0.026,0.203,3.231,-3.24,0.111,0.129,-0.08,0.294,-0.467,0.094,-0.79,3.162,-4.625,0.942,-0.269,,
3.188,2.005,1.207,1.561,0.628,0.377,0.49,0.213,0.335,0.108,0.752,0.283,0.446,0.506,0.144,-1.07,0.43,65.914,32.936,0.504,20.673,45.241,0.463,20.673,13.891,22.762,27.197,34.73,44.805,49.631,59.426,0.438,0.262,0.075,0.122,0.808,0.623,648.8549618,0.539,3.24,0.438,0.881,0.124,0.039,1.16,3.188,-3.182,0.153,0.772,-0.857,0.241,-0.057,0.19,-1.119,0.312,-0.061,0.239,-1.608,,
3.18,1.566,1.88,1.88,0.493,0.591,0.591,0.506,0.671,0.39,0.93,0.544,0.721,0.77,0.419,-0.935,0.696,71.027,43.967,0.619,33.79,37.236,0.909,33.79,17.235,28.111,33.46,42.268,51.54,56.12,65.556,0.382,-0.116,0.031,0.165,2.598,0.409,1422.413793,0.424,3.201,0.382,0.893,0.087,0.027,0.224,3.18,-3.17,0.143,0.407,-0.181,0.17,-0.564,0,-0.443,0.42,-1.389,0,0.526,,
2.939,1.748,1.353,1.53,0.595,0.46,0.52,0.374,0.52,0.252,0.916,0.406,0.571,0.653,0.268,-1.094,0.556,66.037,40.787,0.618,25.596,40.44,0.634,25.596,17.28,28.319,33.828,43.112,53.353,58.653,69.825,0.37,0.034,0.042,0.146,1.367,0.54,1852.941176,0.542,2.953,0.37,0.889,0.092,0.031,0.419,2.939,-2.936,0.133,0.415,-0.297,0.136,-0.327,0.192,-0.718,0.327,-0.783,0.464,-0.726,,
2.838,1.464,1.008,1.399,0.516,0.355,0.493,0.237,0.388,0.121,0.651,0.363,0.595,0.51,0.185,-1.251,0.235,60.997,29.359,0.481,22.887,38.111,0.601,22.887,14.551,23.602,27.982,35.059,42.294,45.782,52.833,0.468,0.23,0.06,0.151,1.472,0.645,760.8695652,0.415,2.871,0.468,0.86,0.097,0.034,0.805,2.838,-2.841,0.107,0.542,-0.617,0.232,-0.136,0,-1.141,0.43,-0.252,0,-1.318,,
3.407,2.192,1.797,1.724,0.642,0.526,0.506,0.226,0.353,0.119,0.825,0.275,0.428,0.523,0.144,-1.109,0.418,71.833,37.402,0.522,21.99,49.844,0.444,21.99,14.587,23.945,28.663,36.824,47.015,53.565,68.638,0.435,0.196,0.075,0.126,0.748,0.474,816.3265306,0.598,3.497,0.435,0.889,0.125,0.037,1.056,3.407,-3.364,0.161,0.714,-0.833,0.291,-0.189,0.27,-1.168,0.408,-0.264,0.38,-1.692,,
2.825,1.919,1.501,1.409,0.679,0.531,0.499,0.272,0.413,0.142,0.912,0.298,0.453,0.52,0.155,-1.262,0.412,77.197,36.426,0.472,26.154,51.044,0.514,26.154,17.789,29.29,35.133,45.245,56.95,63.092,75.025,0.423,0.21,0.052,0.141,0.829,0.469,761.9047619,0.64,2.867,0.423,0.871,0.087,0.031,0.618,2.825,-2.817,0.076,0.413,-0.483,0.099,-0.052,0.148,-1.169,0.241,-0.126,0.358,-1.642,,
2.785,1.697,1.264,1.414,0.609,0.454,0.508,0.24,0.371,0.13,0.832,0.289,0.446,0.54,0.156,-1.148,0.517,63.757,33.97,0.533,22.28,41.477,0.538,22.28,15.307,25.097,30.002,38.349,47.938,53.318,66.158,0.383,0.202,0.058,0.131,0.805,0.546,792.0792079,0.592,2.81,0.383,0.88,0.098,0.035,0.758,2.785,-2.789,0.151,0.512,-0.652,0.207,-0.118,0.229,-1.274,0.404,-0.23,0.447,-1.895,,
2.164,1.127,0.798,1.073,0.514,0.361,0.496,0.242,0.394,0.124,0.665,0.364,0.593,0.511,0.186,-1.221,0.202,64.147,22.071,0.343,24.04,40.106,0.602,24.04,14.69,23.83,28.256,35.419,42.773,46.339,53.638,0.483,0.231,0.045,0.152,1.458,0.639,735.9307359,0.422,2.246,0.483,0.823,0.073,0.034,0.591,2.164,-2.177,0.061,0.403,-0.457,0.177,-0.114,0,-1.143,0.448,-0.289,0,-1.301,,
3.29,1.395,1.907,1.907,0.424,0.58,0.58,0.497,0.414,0.37,1.124,0.442,0.372,0.744,0.329,-1.033,0.651,83.006,17.36,0.212,32.857,50.148,0.656,32.857,19.685,32.687,39.437,51.332,64.79,71.344,83.541,0.369,-0.127,0.033,-0.082,0.688,0.42,1181.102362,0.627,3.299,0.369,0.899,0.087,0.026,0.236,3.29,-3.27,0.091,0.235,-0.096,0.246,-0.495,0.096,-0.534,1.578,-2.571,0.455,0.003,,
3.089,1.332,1.635,1.705,0.431,0.529,0.552,0.393,0.542,0.289,0.859,0.458,0.631,0.728,0.336,-0.757,0.787,58.882,38.523,0.655,24.168,34.713,0.697,24.168,14.751,24.021,28.561,36.011,43.85,47.757,56.151,0.343,-0.072,0.04,0.148,1.776,0.471,2291.666667,0.466,3.105,0.343,0.9,0.104,0.034,0.386,3.089,-3.083,0.266,0.504,-0.185,0.369,-0.712,0.233,-0.351,0.734,-1.431,0.465,-0.119,,
3.216,1.649,1.728,1.728,0.512,0.537,0.537,0.42,0.555,0.319,0.815,0.514,0.68,0.761,0.391,-0.886,0.71,59.212,38.603,0.652,24.364,34.848,0.7,24.364,14.266,23.289,27.746,35.154,43.187,47.364,57.135,0.363,-0.1,0.038,0.135,2.126,0.463,1610,0.396,3.249,0.363,0.899,0.116,0.036,0.363,3.216,-3.204,0.192,0.65,-0.253,0.343,-0.866,0.285,-0.388,0.528,-1.333,0.445,-0.027,,
2.29,0.145,1.197,1.197,0.06,0.522,0.522,0.461,0.641,0.358,0.789,0.598,0.831,0.777,0.465,-0.57,0.965,51.049,21.513,0.423,27.067,23.982,1.145,27.067,13.825,22.335,26.395,32.838,39.196,42.14,47.749,0.33,-0.103,0.025,0.18,9.666,0.478,1611.650485,0.328,2.365,0.33,0.877,0.082,0.036,0.23,2.29,-2.33,0.427,0.46,-0.249,0.471,-0.658,0,-0.545,1.038,-1.437,0,-0.146,,
2.762,1.396,0.866,1.4,0.506,0.318,0.507,0.283,0.449,0.16,0.764,0.367,0.586,0.552,0.206,-1.231,0.376,66.54,32.375,0.487,25.386,41.154,0.619,25.386,16.149,26.318,31.302,39.46,47.858,51.866,59.761,0.437,0.236,0.051,0.167,1.45,0.682,656.779661,0.482,2.817,0.437,0.866,0.09,0.033,0.611,2.762,-2.803,0.096,0.45,-0.485,0.149,-0.122,0.011,-1.098,0.339,-0.255,0.021,-1.203,,
3.077,2.134,1.768,1.522,0.691,0.57,0.495,0.218,0.333,0.112,0.766,0.285,0.435,0.515,0.147,-1.244,0.341,67.455,31.217,0.465,20.967,46.488,0.454,20.967,14.252,23.533,28.328,37.216,47.974,54.135,65.478,0.44,0.175,0.071,0.115,0.77,0.43,857.1428571,0.548,3.121,0.44,0.876,0.117,0.038,1.047,3.077,-3.049,0.119,0.694,-0.796,0.228,-0.166,0.254,-1.151,0.327,-0.233,0.365,-1.611,,
3.079,1.723,1.607,1.598,0.559,0.522,0.519,0.437,0.576,0.329,0.916,0.475,0.63,0.738,0.355,-0.924,0.529,71.444,36.779,0.515,26.85,44.594,0.604,26.85,14.75,24.113,28.759,36.589,45.57,51.053,80.074,0.395,-0.072,0.037,0.139,1.746,0.478,1361.111111,0.478,3.108,0.395,0.887,0.108,0.035,0.378,3.079,-3.067,0.242,0.617,-0.372,0.377,-0.701,0.426,-0.6,0.611,-1.137,0.69,-0.763,,
3.334,1.859,1.356,1.692,0.557,0.407,0.507,0.26,0.414,0.138,0.943,0.276,0.439,0.53,0.146,-0.985,0.622,71.598,45.328,0.633,24.525,47.073,0.521,24.525,16.732,27.349,32.618,41.451,51.248,56.515,69.51,0.38,0.239,0.064,0.154,0.783,0.593,715.4811715,0.683,3.351,0.38,0.898,0.107,0.032,0.777,3.334,-3.332,0.177,0.517,-0.649,0.232,-0.102,0.195,-1.257,0.452,-0.199,0.38,-1.89,,
3.27,2.114,0.915,1.677,0.646,0.276,0.513,0.374,0.524,0.245,1.021,0.365,0.513,0.636,0.239,-1.124,0.584,75.111,48.119,0.641,26.996,48.115,0.562,26.996,18.661,30.797,36.956,47.464,59.083,65.26,77.82,0.368,0.223,0.046,0.15,1.094,0.724,762.3318386,0.648,3.306,0.368,0.9,0.1,0.031,0.459,3.27,-3.26,0.119,0.452,-0.314,0.087,-0.288,0.106,-0.731,0.19,-0.591,0.233,-0.563,,
2.864,1.369,1.549,1.599,0.485,0.531,0.554,0.384,0.455,0.261,0.913,0.418,0.512,0.65,0.28,-1.063,0.461,74.876,28.963,0.409,31.18,43.696,0.722,31.18,17.696,29.009,34.684,44.451,55.33,60.594,71.575,0.418,0.046,0.04,0.071,1.345,0.469,1782.608696,0.529,2.956,0.418,0.876,0.082,0.029,0.385,2.864,-2.893,0.129,0.351,-0.346,0.213,-0.304,0.151,-0.99,0.839,-1.184,0.511,-1.156,,
2.793,1.302,1.209,1.436,0.464,0.436,0.514,0.29,0.425,0.191,0.826,0.346,0.514,0.622,0.224,-0.703,0.713,59.407,32.173,0.542,21.38,38.027,0.566,21.38,13.529,22.034,26.207,33.082,40.435,44.223,53.731,0.365,0.098,0.054,0.136,1.14,0.564,1602.040816,0.537,2.822,0.365,0.885,0.107,0.038,0.73,2.793,-2.787,0.281,0.621,-0.642,0.431,-0.46,0.27,-1.009,0.698,-0.769,0.429,-1.366,,
3.115,2.061,1.557,1.557,0.662,0.5,0.5,0.272,0.414,0.143,0.909,0.299,0.455,0.524,0.157,-1.251,0.45,73.893,40.996,0.555,25.856,48.037,0.539,25.856,17.735,29.153,34.925,44.827,56.115,62.032,73.879,0.406,0.214,0.057,0.142,0.835,0.5,813.0841121,0.637,3.144,0.406,0.885,0.097,0.031,0.678,3.115,-3.122,0.112,0.452,-0.542,0.115,-0.055,0.173,-1.198,0.255,-0.122,0.382,-1.714,,
2.864,1.755,1.33,1.46,0.613,0.464,0.51,0.223,0.346,0.119,0.762,0.293,0.455,0.534,0.156,-1.119,0.456,63.373,30.587,0.483,21.143,42.231,0.501,21.143,14.015,22.948,27.407,34.956,43.534,48.305,60.22,0.416,0.193,0.064,0.123,0.834,0.536,870.4663212,0.538,2.909,0.416,0.875,0.108,0.038,0.908,2.864,-2.883,0.114,0.607,-0.763,0.248,-0.105,0.174,-1.256,0.407,-0.172,0.285,-1.776,,
2.746,1.666,1.298,1.39,0.607,0.473,0.506,0.256,0.4,0.136,0.905,0.283,0.441,0.533,0.151,-1.123,0.491,72.129,35.226,0.489,24.12,48.009,0.505,24.12,16.297,26.714,31.927,40.808,51.134,57.17,72.922,0.398,0.22,0.054,0.144,0.79,0.527,772.7272727,0.649,2.778,0.398,0.874,0.09,0.033,0.661,2.746,-2.747,0.108,0.445,-0.554,0.192,-0.114,0.181,-1.248,0.434,-0.258,0.409,-1.833,,
3.37,2.119,1.724,1.711,0.628,0.511,0.508,0.262,0.397,0.147,0.871,0.299,0.457,0.543,0.165,-1.092,0.471,72.686,40.601,0.56,23.825,48.862,0.492,23.825,15.676,25.714,30.757,39.402,49.658,55.858,70.519,0.42,0.176,0.067,0.136,0.859,0.489,937.5,0.61,3.425,0.42,0.89,0.114,0.034,0.867,3.37,-3.332,0.149,0.603,-0.678,0.239,-0.2,0.25,-1.106,0.397,-0.359,0.416,-1.56,,
2.927,1.608,1.215,1.485,0.549,0.415,0.507,0.23,0.366,0.125,0.837,0.275,0.437,0.54,0.149,-0.993,0.605,61.813,35.804,0.579,21.297,40.515,0.526,21.297,14.634,23.923,28.532,36.267,44.901,49.644,62.968,0.369,0.208,0.063,0.135,0.775,0.585,826.9230769,0.606,2.947,0.369,0.889,0.107,0.036,0.858,2.927,-2.907,0.218,0.576,-0.751,0.302,-0.179,0.276,-1.303,0.524,-0.31,0.48,-1.997,,
3.216,1.661,1.679,1.726,0.515,0.524,0.537,0.439,0.594,0.321,0.869,0.503,0.681,0.722,0.366,-1.063,0.619,63.732,44.479,0.698,26.803,36.93,0.728,26.803,16.755,27.358,32.592,41.266,50.534,55.196,65.022,0.369,-0.079,0.038,0.154,2.167,0.476,1215.189873,0.429,3.23,0.369,0.898,0.099,0.031,0.335,3.216,-3.196,0.146,0.452,-0.179,0.189,-0.564,0.206,-0.384,0.42,-1.265,0.456,0.004,,
2.761,1.92,1.545,1.377,0.695,0.56,0.499,0.267,0.403,0.139,0.904,0.296,0.446,0.52,0.154,-1.284,0.388,76.317,34.599,0.453,25.506,50.811,0.502,25.506,17.514,28.893,34.712,44.923,57.144,63.653,75.756,0.422,0.202,0.052,0.136,0.804,0.44,811.8811881,0.637,2.784,0.422,0.868,0.087,0.032,0.626,2.761,-2.765,0.072,0.42,-0.487,0.107,-0.072,0.161,-1.162,0.255,-0.173,0.385,-1.629,,
3.138,0.793,0.484,1.587,0.251,0.153,0.506,0.235,0.406,0.125,0.676,0.348,0.601,0.53,0.184,-1.109,0.641,52.8,31.825,0.603,22.128,30.672,0.723,22.128,14.19,22.931,27.115,33.774,40.383,43.461,49.368,0.39,0.265,0.067,0.171,1.505,0.847,584.9056604,0.441,3.16,0.39,0.89,0.109,0.035,0.877,3.138,-3.12,0.529,0.578,-0.788,0.459,-0.212,0,-1.363,0.794,-0.366,0,-1.791,,
2.97,1.238,0.699,1.495,0.417,0.236,0.503,0.266,0.45,0.14,0.735,0.363,0.613,0.525,0.191,-1.254,0.39,63.96,34.758,0.544,25.219,38.741,0.652,25.219,16.153,26.192,31.042,38.849,46.738,50.48,57.834,0.435,0.289,0.056,0.184,1.598,0.764,550.1730104,0.468,2.986,0.435,0.873,0.092,0.031,0.664,2.97,-2.96,0.152,0.443,-0.553,0.214,-0.082,0,-1.268,0.496,-0.189,0,-1.575,,
2.92,1.281,0.827,1.454,0.439,0.284,0.498,0.274,0.46,0.14,0.742,0.37,0.619,0.512,0.189,-1.271,0.315,67.295,34.219,0.508,26.608,40.688,0.655,26.608,16.744,27.098,32.084,40.072,48.104,51.9,59.35,0.453,0.277,0.053,0.185,1.63,0.716,617.3285199,0.468,2.95,0.453,0.867,0.087,0.03,0.626,2.92,-2.928,0.118,0.423,-0.491,0.206,-0.104,0,-1.179,0.5,-0.251,0,-1.429,,
2.415,0.548,1.382,1.382,0.226,0.572,0.572,0.49,0.517,0.384,0.946,0.517,0.547,0.783,0.405,-0.316,1.08,60.221,18.715,0.313,29.7,30.52,0.975,29.7,15.43,25.054,29.725,37.287,45.026,48.749,56.212,0.318,-0.106,0.025,0.027,1.587,0.428,1594.339623,0.457,2.431,0.318,0.884,0.076,0.031,0.197,2.415,-2.405,0.291,0.299,-0.167,0.349,-0.575,0.129,-0.65,1.396,-2.226,0.748,-0.567,,
2.948,1.928,1.49,1.469,0.653,0.503,0.498,0.244,0.374,0.128,0.83,0.295,0.45,0.526,0.155,-1.209,0.442,68.84,34.532,0.502,23.219,45.621,0.511,23.219,15.689,25.789,30.891,39.693,50.035,55.728,67.637,0.415,0.197,0.06,0.129,0.818,0.497,852.7918782,0.586,2.992,0.415,0.878,0.102,0.035,0.792,2.948,-2.934,0.115,0.529,-0.642,0.169,-0.091,0.198,-1.214,0.32,-0.173,0.375,-1.736,,
3.162,2.052,1.719,1.581,0.648,0.543,0.5,0.237,0.365,0.125,0.832,0.285,0.438,0.53,0.151,-1.227,0.347,70.556,35.715,0.506,22.4,48.157,0.465,22.4,14.921,24.515,29.367,37.811,48.517,56.282,73.903,0.424,0.197,0.067,0.128,0.78,0.457,842.6395939,0.595,3.214,0.424,0.883,0.112,0.036,0.896,3.162,-3.165,0.139,0.593,-0.743,0.277,-0.213,0.25,-1.254,0.468,-0.36,0.422,-1.784,,
2.753,1.076,0.736,1.448,0.39,0.266,0.526,0.297,0.437,0.2,0.769,0.386,0.569,0.647,0.258,-0.786,0.838,50.239,32.917,0.655,20.923,29.316,0.716,20.923,13.741,22.355,26.558,33.418,40.532,44.002,51.103,0.328,0.16,0.049,0.14,1.44,0.734,1062.5,0.472,2.785,0.328,0.894,0.104,0.038,0.611,2.753,-2.75,0.327,0.562,-0.501,0.329,-0.375,0.138,-0.897,0.588,-0.66,0.242,-1.067,,
3.212,1.269,1.552,1.895,0.397,0.477,0.588,0.46,0.394,0.344,1.05,0.431,0.392,0.717,0.316,-0.829,0.668,76.247,18.668,0.27,32.931,43.316,0.759,32.931,18.133,29.845,35.767,45.932,57.574,63.883,78.371,0.371,-0.065,0.038,-0.066,0.745,0.523,1600,0.59,3.316,0.371,0.899,0.089,0.028,0.34,3.212,-3.286,0.157,0.27,-0.24,0.294,-0.384,0.187,-0.838,1.786,-2.118,0.963,-1.469,,
2.741,1.91,1.649,1.36,0.696,0.601,0.496,0.215,0.327,0.111,0.76,0.282,0.43,0.519,0.147,-1.273,0.256,68.25,26.785,0.393,20.493,47.757,0.43,20.493,13.756,22.696,27.293,35.589,47.66,56.739,68.531,0.449,0.172,0.064,0.112,0.755,0.399,953.4883721,0.545,2.781,0.449,0.861,0.107,0.039,0.961,2.741,-2.741,0.092,0.645,-0.748,0.256,-0.212,0.242,-1.16,0.398,-0.329,0.375,-1.604,,
2.554,1.796,1.085,1.301,0.702,0.42,0.509,0.288,0.427,0.155,0.977,0.296,0.438,0.537,0.159,-1.258,0.458,78.977,34.761,0.444,27.255,51.722,0.531,27.255,19.051,31.589,38.028,49.124,61.449,67.575,79.137,0.405,0.297,0.044,0.139,0.785,0.58,572.3905724,0.689,2.6,0.405,0.865,0.076,0.03,0.496,2.554,-2.554,0.073,0.338,-0.41,0.063,-0.039,0.116,-1.223,0.196,-0.12,0.354,-1.653,,
1.891,1.103,0.357,0.942,0.583,0.186,0.499,0.228,0.36,0.118,0.747,0.306,0.482,0.518,0.158,-1.158,0.483,62.539,22.056,0.353,22.243,40.296,0.552,22.243,14.878,24.336,29.026,36.838,45.256,49.512,58.486,0.419,0.328,0.041,0.132,0.932,0.814,487.804878,0.518,1.941,0.419,0.822,0.069,0.036,0.581,1.891,-1.912,0.055,0.383,-0.46,0.112,0.013,0.067,-1.201,0.293,0.034,0.174,-1.701,,
3.008,1.284,0.901,1.51,0.426,0.3,0.502,0.258,0.433,0.134,0.731,0.353,0.592,0.518,0.183,-1.153,0.39,65.586,33.39,0.51,24.949,40.638,0.614,24.949,15.676,25.367,30.023,37.48,44.975,48.524,55.517,0.449,0.268,0.058,0.175,1.46,0.7,671.641791,0.472,3.046,0.449,0.871,0.095,0.031,0.712,3.008,-2.991,0.19,0.492,-0.577,0.289,-0.174,0,-1.189,0.608,-0.368,0,-1.429,,
2.795,1.433,0.998,1.394,0.512,0.357,0.499,0.258,0.422,0.133,0.714,0.362,0.591,0.516,0.187,-1.226,0.251,66.349,30.913,0.466,24.898,41.451,0.601,24.898,15.659,25.41,30.135,37.787,45.635,49.432,57.163,0.465,0.25,0.054,0.163,1.449,0.643,672,0.455,2.825,0.465,0.859,0.088,0.032,0.664,2.795,-2.797,0.1,0.446,-0.531,0.211,-0.127,0,-1.21,0.49,-0.298,0,-1.401,,
2.685,1.373,1.005,1.378,0.51,0.371,0.515,0.248,0.4,0.133,0.734,0.338,0.546,0.533,0.181,-1.053,0.292,68.927,28.725,0.419,24.617,44.31,0.559,24.617,14.791,24.044,28.554,35.911,43.579,47.365,55.375,0.47,0.25,0.054,0.152,1.215,0.629,704,0.486,2.824,0.47,0.857,0.09,0.034,0.699,2.685,-2.743,0.147,0.473,-0.591,0.256,-0.173,0.01,-1.319,0.604,-0.427,0.017,-1.513,,
3.293,1.078,1.605,1.795,0.326,0.486,0.545,0.39,0.537,0.294,0.805,0.482,0.667,0.738,0.362,-0.523,0.961,53.816,39.258,0.73,24.277,29.538,0.831,24.277,13.748,22.345,26.527,33.321,40.322,43.719,50.631,0.336,-0.035,0.045,0.147,2.102,0.514,1571.428571,0.415,3.354,0.336,0.909,0.121,0.037,0.467,3.293,-3.288,0.533,0.68,-0.391,0.503,-0.842,0.021,-0.59,0.744,-1.226,0.039,-0.147,,
2.8,1.577,1.565,1.565,0.563,0.559,0.559,0.492,0.664,0.363,1.041,0.473,0.638,0.738,0.349,-1.049,0.672,73.372,45.763,0.624,30.211,43.16,0.7,30.211,19.439,31.938,38.198,48.685,59.877,65.368,76.291,0.353,-0.129,0.028,0.172,1.764,0.441,1162.790698,0.548,2.812,0.353,0.889,0.077,0.027,0.212,2.8,-2.802,0.095,0.311,-0.043,0.057,-0.432,0.07,-0.139,0.182,-1.388,0.225,0.841,,
3.289,1.636,1.801,1.819,0.499,0.547,0.553,0.469,0.502,0.343,0.977,0.479,0.517,0.724,0.349,-1.144,0.552,73.8,30.937,0.424,30.253,43.547,0.696,30.253,18.49,30.457,36.515,46.884,58.401,64.176,75.575,0.38,-0.088,0.036,0.032,1.283,0.453,1761.363636,0.508,3.313,0.38,0.897,0.093,0.028,0.288,3.289,-3.285,0.106,0.303,-0.15,0.21,-0.489,0.155,-0.595,1.328,-2.355,0.597,-0.164,,
2.785,0.859,1.589,1.589,0.308,0.57,0.57,0.464,0.588,0.359,0.88,0.528,0.668,0.774,0.408,-0.605,0.945,57.901,31.829,0.55,27.859,30.042,0.928,27.859,15.242,24.773,29.415,36.957,44.725,48.484,56.077,0.329,-0.105,0.03,0.123,2.251,0.43,1571.428571,0.416,2.814,0.329,0.895,0.089,0.032,0.248,2.785,-2.784,0.309,0.412,-0.155,0.335,-0.673,0.035,-0.411,0.922,-1.768,0.19,0.244,,
3.124,1.532,0.989,1.565,0.49,0.316,0.501,0.263,0.431,0.136,0.71,0.37,0.607,0.517,0.191,-1.277,0.272,65.221,35.297,0.541,25.28,39.942,0.633,25.28,15.986,25.914,30.708,38.434,46.28,50.028,57.487,0.459,0.258,0.059,0.168,1.548,0.684,631.7829457,0.447,3.149,0.459,0.873,0.097,0.031,0.715,3.124,-3.111,0.12,0.483,-0.567,0.21,-0.098,0,-1.178,0.438,-0.205,0,-1.411,,
2.52,1.955,1.752,1.235,0.776,0.696,0.49,0.225,0.327,0.114,0.769,0.292,0.426,0.508,0.148,-1.402,0.13,73.241,23.277,0.32,22.049,51.192,0.433,22.049,14.874,25.021,30.679,43.289,56.981,62.197,70.655,0.476,0.156,0.056,0.103,0.743,0.304,1141.025641,0.544,2.59,0.476,0.844,0.095,0.038,0.84,2.52,-2.548,0.074,0.564,-0.618,0.168,-0.201,0.229,-1.101,0.299,-0.358,0.409,-1.451,,
3.744,1.787,1.292,1.838,0.47,0.338,0.491,0.238,0.395,0.121,0.668,0.356,0.591,0.507,0.181,-1.179,0.287,62.882,38.494,0.612,23.527,39.355,0.6,23.527,14.615,23.694,28.086,35.181,42.44,45.939,52.919,0.471,0.238,0.079,0.157,1.448,0.662,701.6806723,0.43,3.863,0.471,0.891,0.127,0.034,1.056,3.744,-3.727,0.267,0.712,-0.816,0.353,-0.219,0,-1.153,0.504,-0.311,0,-1.346,,
3.596,2.326,1.889,1.816,0.647,0.525,0.505,0.246,0.381,0.13,0.878,0.28,0.434,0.528,0.148,-1.178,0.415,73.268,43.231,0.59,23.267,50.001,0.466,23.267,15.805,25.953,31.074,39.93,50.75,57.691,74.286,0.417,0.207,0.073,0.135,0.767,0.475,772.9468599,0.632,3.631,0.417,0.897,0.122,0.034,0.939,3.596,-3.6,0.152,0.63,-0.759,0.257,-0.171,0.244,-1.206,0.408,-0.272,0.388,-1.73,,
3.269,1.019,1.861,1.861,0.309,0.569,0.569,0.472,0.521,0.363,0.898,0.525,0.582,0.769,0.404,-0.719,0.869,61.716,29.928,0.495,29.308,32.407,0.909,29.308,15.927,25.901,30.761,38.681,46.865,50.839,58.912,0.343,-0.109,0.035,0.049,1.79,0.431,1577.981651,0.427,3.342,0.343,0.907,0.1,0.03,0.276,3.269,-3.283,0.354,0.373,-0.143,0.362,-0.719,0.154,-0.491,1.315,-2.394,0.723,-0.135,,
2.755,0.988,1.484,1.484,0.358,0.539,0.539,0.458,0.617,0.351,0.897,0.51,0.688,0.766,0.391,-0.568,0.941,58.74,36.33,0.619,26.077,32.663,0.799,26.077,15.201,24.708,29.344,36.897,44.724,48.547,56.421,0.327,-0.107,0.03,0.159,2.205,0.461,1514.018692,0.439,2.79,0.327,0.895,0.092,0.033,0.263,2.755,-2.763,0.262,0.466,-0.164,0.331,-0.676,0.044,-0.353,0.712,-1.453,0.093,0.296,,
2.779,1.091,1.675,1.675,0.393,0.603,0.603,0.534,0.707,0.419,0.99,0.539,0.714,0.785,0.424,-0.676,0.861,70.165,39.487,0.564,34.303,35.862,0.959,34.303,17.114,27.873,33.146,41.785,50.812,55.248,64.404,0.354,-0.114,0.026,0.173,2.503,0.397,1359.649123,0.456,2.827,0.354,0.889,0.074,0.027,0.177,2.779,-2.782,0.192,0.311,-0.106,0.235,-0.519,0,-0.342,0.762,-1.672,0,0.568,,
2.987,1.239,0.7,1.493,0.416,0.235,0.501,0.258,0.438,0.135,0.712,0.363,0.615,0.524,0.19,-1.258,0.373,63.411,34.322,0.541,24.904,38.508,0.649,24.904,15.793,25.589,30.319,37.921,45.586,49.215,56.326,0.445,0.282,0.058,0.18,1.609,0.765,613.4751773,0.454,3.055,0.445,0.873,0.096,0.032,0.715,2.987,-3.005,0.16,0.483,-0.585,0.23,-0.099,0,-1.245,0.498,-0.214,0,-1.529,,
2.816,1.916,1.494,1.409,0.679,0.529,0.5,0.276,0.419,0.146,0.924,0.299,0.453,0.526,0.157,-1.264,0.41,78.017,37.247,0.478,26.509,51.508,0.517,26.509,18.079,29.785,35.737,46.061,57.973,64.18,76.255,0.422,0.213,0.051,0.143,0.829,0.471,774.6478873,0.648,2.874,0.422,0.872,0.086,0.03,0.591,2.816,-2.821,0.079,0.396,-0.47,0.098,-0.054,0.146,-1.188,0.251,-0.139,0.371,-1.671,,
2.787,1.748,1.423,1.392,0.627,0.509,0.499,0.218,0.339,0.114,0.775,0.281,0.438,0.521,0.147,-1.121,0.401,66.364,28.749,0.434,20.764,45.6,0.458,20.764,13.732,22.51,26.906,34.42,43.455,49.851,65.052,0.428,0.19,0.064,0.121,0.781,0.491,905.2631579,0.558,2.823,0.428,0.868,0.107,0.038,0.948,2.787,-2.769,0.122,0.629,-0.759,0.283,-0.177,0.221,-1.215,0.454,-0.282,0.353,-1.74,,
2.552,1.544,1.44,1.44,0.598,0.564,0.564,0.489,0.523,0.364,1.111,0.44,0.472,0.746,0.328,-1.117,0.597,84.522,24.942,0.295,32.297,52.225,0.622,32.297,19.05,31.891,38.79,51.845,67.319,73.95,85.199,0.38,-0.124,0.026,0.034,0.995,0.436,1354.83871,0.622,2.596,0.38,0.872,0.072,0.028,0.197,2.552,-2.544,0.06,0.269,-0.101,0.142,-0.417,0.112,-0.475,0.937,-1.935,0.491,0.032,,
2.87,2.374,1.457,1.554,0.827,0.508,0.542,0.486,0.607,0.336,1.102,0.442,0.554,0.681,0.304,-1.331,0.431,89.749,37.432,0.42,33.882,55.866,0.612,33.882,23.507,39.422,47.548,60.635,73.137,78.731,89.136,0.409,-0.074,0.03,0.122,1.356,0.492,1270.27027,0.617,2.877,0.409,0.876,0.073,0.025,0.239,2.87,-2.804,0.057,0.292,-0.092,-0.02,-0.303,0.109,-0.294,-0.065,-1.067,0.38,0.458,,
2.601,1.626,1.258,1.307,0.625,0.483,0.503,0.258,0.4,0.138,0.889,0.291,0.449,0.536,0.156,-1.179,0.462,71.851,33.437,0.466,24.295,47.555,0.513,24.295,16.446,26.988,32.29,41.378,52.087,58.344,72.56,0.404,0.215,0.05,0.141,0.817,0.517,730.2325581,0.63,2.647,0.404,0.867,0.085,0.033,0.615,2.601,-2.603,0.094,0.413,-0.52,0.164,-0.097,0.171,-1.261,0.397,-0.235,0.415,-1.837,,
2.587,1.586,1.254,1.322,0.611,0.483,0.511,0.3,0.436,0.185,0.855,0.349,0.512,0.591,0.21,-1.129,0.492,67.206,32.707,0.488,24.726,42.479,0.586,24.726,16.058,26.35,31.516,40.325,50.424,55.938,67.76,0.399,0.118,0.046,0.136,1.078,0.517,1288.135593,0.555,2.642,0.399,0.868,0.086,0.033,0.543,2.587,-2.597,0.106,0.427,-0.426,0.158,-0.212,0.195,-0.985,0.373,-0.513,0.459,-1.304,,
2.605,0.735,1.395,1.427,0.284,0.535,0.548,0.444,0.334,0.329,1.081,0.409,0.308,0.731,0.302,-0.723,0.833,71.059,9.243,0.132,27.868,43.191,0.649,27.868,17.277,28.492,34.209,44.17,55.946,62.333,75.291,0.331,-0.073,0.03,-0.11,0.472,0.465,1356.164384,0.638,2.639,0.331,0.889,0.081,0.031,0.273,2.605,-2.6,0.116,0.182,-0.159,0.318,-0.465,0.139,-0.93,2.841,-3.989,1.071,-0.853,,
2.784,2.231,1.474,1.474,0.801,0.529,0.529,0.439,0.555,0.308,1.013,0.433,0.548,0.701,0.304,-1.32,0.439,79.902,34.595,0.433,28.493,51.409,0.555,28.493,19.911,33.531,40.808,53.487,66.2,71.789,81.956,0.394,-0.131,0.032,0.116,1.214,0.471,1312.977099,0.574,2.795,0.394,0.876,0.082,0.029,0.266,2.784,-2.786,0.044,0.355,-0.044,0.02,-0.442,0.088,-0.122,0.058,-1.248,0.249,0.82,,
2.843,1.132,1.408,1.504,0.392,0.489,0.527,0.383,0.525,0.288,0.842,0.45,0.624,0.728,0.334,-0.45,0.857,62.137,32.719,0.529,25.255,36.882,0.703,25.255,13.297,21.627,25.691,32.332,39.297,42.781,50.987,0.374,-0.032,0.04,0.142,1.734,0.511,1218.75,0.459,2.955,0.374,0.886,0.109,0.039,0.462,2.843,-2.852,0.352,0.669,-0.43,0.483,-0.769,0.193,-0.644,0.722,-1.146,0.287,-0.507,,
2.652,1.559,1.266,1.399,0.588,0.476,0.527,0.311,0.441,0.205,0.784,0.394,0.563,0.637,0.256,-1.116,0.45,62.976,30.278,0.481,23.081,39.894,0.581,23.081,14.629,23.94,28.576,36.384,45.178,50.059,62.022,0.406,0.076,0.045,0.13,1.33,0.524,1157.894737,0.472,2.694,0.406,0.869,0.093,0.035,0.514,2.652,-2.63,0.112,0.47,-0.422,0.233,-0.354,0.2,-0.943,0.504,-0.723,0.42,-1.144,,
2.963,1.022,1.572,1.572,0.345,0.531,0.531,0.472,0.632,0.364,0.913,0.517,0.692,0.771,0.399,-0.469,0.986,58.694,38.924,0.664,26.203,32.491,0.809,26.203,15.126,24.597,29.206,36.711,44.479,48.269,56.084,0.321,-0.108,0.031,0.16,2.249,0.469,1527.777778,0.441,2.987,0.321,0.903,0.101,0.034,0.277,2.963,-2.946,0.331,0.525,-0.211,0.373,-0.739,0.022,-0.402,0.708,-1.406,0.043,0.253,,
2.705,0.514,1.298,1.568,0.19,0.479,0.579,0.477,0.342,0.383,0.841,0.568,0.406,0.799,0.456,-0.354,1.064,51.51,3.125,0.061,27.099,24.411,1.117,27.099,13.872,22.519,26.712,33.492,40.411,43.728,50.348,0.308,-0.148,0.029,-0.136,0.803,0.521,1121.621622,0.364,2.726,0.308,0.898,0.093,0.034,0.249,2.705,-2.703,0.535,0.231,-0.192,0.506,-0.689,0.425,-0.903,2.431,-3.207,2.169,-2.295,,
2.356,1.08,0.799,1.17,0.458,0.339,0.497,0.253,0.423,0.13,0.726,0.349,0.582,0.513,0.179,-1.131,0.333,66.939,25.739,0.385,24.735,42.204,0.588,24.735,15.428,25.006,29.626,37.068,44.636,48.268,55.598,0.461,0.259,0.047,0.169,1.394,0.661,656.3706564,0.473,2.406,0.461,0.839,0.076,0.032,0.584,2.356,-2.352,0.106,0.396,-0.463,0.218,-0.142,0,-1.18,0.561,-0.366,0,-1.375,,
3.336,0.633,1.881,1.881,0.189,0.563,0.563,0.429,0.518,0.338,0.84,0.51,0.616,0.789,0.403,-0.073,1.165,53.687,28.734,0.541,27.152,26.535,1.028,27.152,13.036,21.146,25.07,31.399,37.834,40.909,47.024,0.319,-0.09,0.039,0.09,1.884,0.437,1855.555556,0.411,3.414,0.319,0.914,0.124,0.037,0.366,3.336,-3.355,0.983,0.695,-0.39,0.729,-1.125,0.141,-0.602,1.127,-1.731,0.352,-0.35,,
2.796,1.802,1.303,1.423,0.645,0.466,0.509,0.305,0.459,0.167,0.959,0.318,0.478,0.548,0.174,-1.272,0.457,75.543,40.618,0.539,28.054,47.489,0.593,28.054,19.218,31.594,37.827,48.412,60.043,65.886,77.472,0.394,0.231,0.046,0.154,0.918,0.534,761.9047619,0.654,2.825,0.394,0.878,0.08,0.029,0.479,2.796,-2.789,0.105,0.331,-0.423,0.077,-0.028,0.134,-1.283,0.235,-0.085,0.41,-1.843,,
3.33,0.652,1.882,1.882,0.195,0.565,0.565,0.426,0.575,0.337,0.842,0.506,0.682,0.791,0.4,0.052,1.203,53.846,34.389,0.639,26.826,27.02,0.995,26.826,12.723,20.631,24.452,30.607,36.849,39.823,45.716,0.32,-0.089,0.039,0.149,2.15,0.435,1752.808989,0.416,3.357,0.32,0.913,0.125,0.038,0.371,3.33,-3.311,1.073,0.798,-0.438,0.784,-1.16,0,-0.549,0.984,-1.455,0,-0.078,,
2.901,1.793,1.576,1.576,0.617,0.543,0.543,0.47,0.565,0.352,1.059,0.444,0.534,0.748,0.332,-0.926,0.725,73.911,35.688,0.482,28.079,45.832,0.613,28.079,17.604,29.14,35.095,45.646,58.344,65.062,77.728,0.349,-0.118,0.031,0.095,1.211,0.457,1423.728814,0.589,2.921,0.349,0.893,0.09,0.031,0.256,2.901,-2.894,0.085,0.4,-0.119,0.153,-0.559,0.117,-0.346,0.612,-1.633,0.345,0.331,,
3.266,1.276,1.86,1.86,0.39,0.569,0.569,0.442,0.594,0.34,0.842,0.524,0.706,0.77,0.404,-0.72,0.861,58.373,41.17,0.705,27.05,31.324,0.864,27.05,14.823,24.123,28.667,36.086,43.794,47.562,55.298,0.347,-0.102,0.037,0.153,2.403,0.431,1666.666667,0.4,3.304,0.347,0.905,0.107,0.033,0.315,3.266,-3.267,0.331,0.551,-0.198,0.352,-0.817,0,-0.359,0.639,-1.483,0,0.484,,
3.146,1.176,1.741,1.741,0.374,0.553,0.553,0.484,0.645,0.378,0.923,0.525,0.699,0.781,0.41,-0.456,0.972,62.819,40.72,0.649,29.025,33.794,0.86,29.025,15.184,24.691,29.326,36.876,44.707,48.536,56.451,0.34,-0.106,0.032,0.161,2.318,0.447,1622.641509,0.439,3.163,0.34,0.903,0.102,0.033,0.271,3.146,-3.134,0.313,0.549,-0.265,0.374,-0.753,0,-0.483,0.682,-1.372,0,0.207,,
2.628,0.151,1.423,1.423,0.048,0.54,0.54,0.502,0.694,0.391,0.762,0.663,0.917,0.78,0.517,-0.885,0.78,56.874,25.12,0.448,32.112,24.762,1.309,32.112,14.893,24.056,28.44,35.403,42.295,45.494,51.608,0.374,-0.11,0.026,0.192,15.668,0.46,1527.272727,0.26,2.783,0.374,0.881,0.083,0.032,0.213,2.628,-2.704,0.411,0.408,-0.235,0.5,-0.647,0,-0.568,1.271,-1.637,0,-0.202,,
3.409,1.038,1.975,1.975,0.304,0.579,0.579,0.485,0.548,0.377,0.903,0.538,0.605,0.775,0.417,-0.684,0.888,61.821,31.658,0.514,30.14,31.681,0.953,30.14,15.884,25.832,30.684,38.584,46.746,50.706,58.729,0.342,-0.109,0.035,0.062,1.988,0.421,1614.678899,0.418,3.426,0.342,0.909,0.102,0.03,0.271,3.409,-3.386,0.37,0.407,-0.189,0.387,-0.742,0.094,-0.534,1.155,-2.05,0.404,-0.044,,
3.318,1.749,1.404,1.729,0.525,0.423,0.521,0.366,0.531,0.243,0.952,0.382,0.557,0.64,0.251,-0.986,0.647,69.115,48.368,0.7,26.494,42.621,0.625,26.494,17.387,28.463,33.971,43.185,53.197,58.325,69.46,0.368,0.087,0.049,0.165,1.378,0.577,1862.068966,0.587,3.37,0.368,0.902,0.103,0.031,0.496,3.318,-3.32,0.173,0.473,-0.406,0.183,-0.309,0.16,-0.897,0.4,-0.62,0.35,-1.027,,
2.963,1.227,1.464,1.575,0.415,0.496,0.531,0.423,0.577,0.313,0.861,0.49,0.671,0.732,0.361,-0.806,0.806,57.529,39.381,0.686,24.825,32.703,0.759,24.825,15.438,25.132,29.874,37.64,45.755,49.751,58.065,0.337,-0.074,0.036,0.154,2.088,0.504,1297.297297,0.438,2.986,0.337,0.899,0.099,0.033,0.341,2.963,-2.96,0.243,0.481,-0.192,0.283,-0.631,0.182,-0.389,0.589,-1.323,0.379,-0.033,,
3.086,1.541,1.446,1.624,0.499,0.469,0.526,0.398,0.549,0.283,0.918,0.43,0.6,0.684,0.302,-0.832,0.712,64.347,42.015,0.653,25.558,38.79,0.662,25.558,16.127,26.314,31.341,39.679,48.671,53.305,63.915,0.357,0.006,0.042,0.152,1.602,0.531,1500,0.521,3.106,0.357,0.897,0.101,0.033,0.437,3.086,-3.08,0.18,0.49,-0.32,0.261,-0.478,0.226,-0.645,0.536,-0.99,0.465,-0.655,,
3.081,1.372,1.81,1.81,0.445,0.588,0.588,0.507,0.693,0.38,0.916,0.553,0.757,0.749,0.415,-1.157,0.593,70.427,45.623,0.648,33.6,36.827,0.913,33.6,18.622,30.344,36.085,45.452,55.09,59.707,68.775,0.384,-0.127,0.03,0.187,3.127,0.412,1275.590551,0.409,3.104,0.384,0.89,0.079,0.026,0.208,3.081,-3.08,0.145,0.315,-0.083,0.09,-0.468,0.18,-0.265,0.286,-1.486,0.571,0.364,,
3.114,1.75,1.703,1.703,0.562,0.547,0.547,0.436,0.577,0.327,0.868,0.502,0.665,0.75,0.377,-1.029,0.589,65.418,39.411,0.603,26.22,39.198,0.67,26.22,15.546,25.43,30.342,38.594,47.788,52.779,65.512,0.377,-0.109,0.036,0.141,1.986,0.453,1614.678899,0.432,3.126,0.377,0.892,0.101,0.032,0.309,3.114,-3.117,0.123,0.504,-0.17,0.263,-0.692,0.238,-0.336,0.521,-1.373,0.473,0.043,,
2.71,1.783,1.453,1.353,0.657,0.536,0.499,0.216,0.331,0.112,0.762,0.283,0.435,0.521,0.148,-1.187,0.393,64.684,27.701,0.428,20.522,44.162,0.465,20.522,13.809,22.69,27.185,35.001,44.709,50.929,64.657,0.425,0.178,0.063,0.115,0.77,0.464,926.9662921,0.546,2.738,0.425,0.866,0.106,0.039,0.938,2.71,-2.709,0.101,0.63,-0.746,0.244,-0.161,0.229,-1.185,0.388,-0.255,0.364,-1.682,,
2.977,2.092,1.638,1.638,0.703,0.55,0.55,0.506,0.653,0.368,1.113,0.454,0.587,0.728,0.331,-1.14,0.608,81.362,46.023,0.566,31.87,49.492,0.645,31.87,20.915,34.657,41.699,53.75,66.641,72.772,84.364,0.365,-0.138,0.029,0.148,1.421,0.45,1217.391304,0.607,2.991,0.365,0.891,0.078,0.026,0.213,2.977,-2.973,0.075,0.309,-0.048,0.027,-0.408,0.09,-0.156,0.088,-1.32,0.291,0.785,,
3.406,2.05,1.596,1.714,0.602,0.469,0.503,0.242,0.382,0.127,0.898,0.27,0.426,0.524,0.141,-1.045,0.543,71.619,42.295,0.591,23.094,48.525,0.476,23.094,15.721,25.748,30.754,39.25,49.044,54.719,70.642,0.399,0.218,0.07,0.14,0.743,0.531,830.2752294,0.655,3.439,0.399,0.896,0.117,0.034,0.921,3.406,-3.419,0.179,0.618,-0.738,0.266,-0.153,0.249,-1.196,0.431,-0.248,0.404,-1.782,,
